load,cond,rmse,max,ss,base_rmse,base_tilt_max,max_payload_N,fell
1.9108851,no-FAME,0.2651006489791231,0.4628394258985011,0.25605736286199116,0.019604293481760817,3.818503154507959,125.64770354466606,0
1.9108851,FAME,0.26704303460853707,0.48961691786998607,0.26112102920567043,0.033113443705930175,3.755745689250611,132.47021425000457,0
0.80936015,no-FAME,0.26361126217070696,0.45869657035715,0.2532850397097622,0.023964820323090913,3.961253223841525,48.98317114267751,0
0.80936015,FAME,0.26545117517770034,0.4723628523575091,0.25692773131790386,0.030381648996677016,5.641555216921125,67.28565706168428,0
0.12292057,no-FAME,0.26337802190880366,0.4584709938699303,0.2531653890143266,0.027693659304648063,4.372589855925617,8.275032028479963,0
0.12292057,FAME,0.2631887777314089,0.4591136197769787,0.25331821988862613,0.02902294154369568,4.676208771578957,10.278536036424843,0
0.049582906,no-FAME,0.26298485168378916,0.4579924632140204,0.25268807540534266,0.02892222939152943,4.53034453412054,3.824751372586544,0
0.049582906,FAME,0.2627756245192652,0.4573875654859969,0.25227275147855316,0.02966836666576061,4.595290788283709,4.147278116689862,0
2.4398108,no-FAME,0.2660508374489643,0.46593983863927074,0.2572094790645308,0.01955631935502797,3.9271128758643234,207.84609690826528,0
2.4398108,FAME,0.26316562509812563,0.48687845751209463,0.2632222610961004,0.031708454460975526,4.9755899953768745,197.58511919047822,0
2.7382667,no-FAME,0.26644878388987714,0.4680800880269963,0.2575584126172729,0.020833940083476696,3.885716498517992,198.8957854826207,0
2.7382667,FAME,0.26172176134767994,0.48240098236916873,0.25682190059550924,0.035037233279725286,5.526849879097728,197.60605275551674,0
1.8199073,no-FAME,0.26492345711077514,0.4623593371428086,0.25581568166067103,0.01992001023364328,3.8231977805042363,129.27464857142897,0
1.8199073,FAME,0.2663848827373855,0.48442470334956117,0.2630169378616838,0.03243863880802949,3.7581199480688987,144.11166266749368,0
2.1884897,no-FAME,0.2656896100861117,0.46427958614501136,0.2567956186535104,0.019347121700012904,3.813145464467885,207.62415269091352,0
2.1884897,FAME,0.26460894748852637,0.48610248871114997,0.2516355574597652,0.0353115753452522,3.8706722779919893,200.00231438587429,0
1.630875,no-FAME,0.26465082717158883,0.46128404407535223,0.25528498100555336,0.02021815275351409,3.828726091488267,99.14117877272102,0
1.630875,FAME,0.26664445655180063,0.4825515641064751,0.26465985573417244,0.03139909877558054,4.343190834685909,124.75612237133547,0
2.8052173,no-FAME,0.26640514065093096,0.46852752890578675,0.2573655219461027,0.020810074285373178,4.029656905305236,204.83069441809732,0
2.8052173,FAME,0.2633839692429521,0.4827493226808204,0.2638716194881977,0.034159961847776595,4.37904886687227,200.98773716513276,0
2.4475605,no-FAME,0.26605272359697413,0.466193529003345,0.2572719174171796,0.019633996456180157,3.926811575397993,207.84609690826528,0
2.4475605,FAME,0.2639700017516601,0.48844122145323726,0.26564043982573443,0.03011494692558966,5.608168309245583,198.51789312865145,0
0.008215501,no-FAME,0.26362746954102323,0.45922412367366583,0.25344125370706444,0.028003752131536257,4.513414056185379,0.6445484113551984,0
0.008215501,FAME,0.2633197396409228,0.45826201718509574,0.2530666532460207,0.028438128958544657,4.617101295908034,0.6460461597973378,0
2.572213,no-FAME,0.266369897670511,0.466987572923433,0.2577412954634667,0.02068849522194448,3.779701645743432,202.43032400257852,0
2.572213,FAME,0.2629124046431316,0.48072291579981047,0.26164760941095166,0.03299658800359572,4.0374044626198975,203.12377418157115,0
0.10075673,no-FAME,0.26313249993115007,0.4578852444729006,0.25266045409774807,0.02832521258609604,4.37497920415203,7.093175696748268,0
0.10075673,FAME,0.2632143304093031,0.4592424778750838,0.2529376565944214,0.02907025872319352,4.708736813674674,8.285023794538258,0
2.1889663,no-FAME,0.26569662066020666,0.46428193021408043,0.2568579302194496,0.019315498487864614,3.813124495750346,207.3458128586318,0
2.1889663,FAME,0.2646988910022256,0.48521560234151856,0.2519821885290219,0.03166353793499628,3.908094946058033,195.05217327951252,0
0.52696687,no-FAME,0.2634977808043792,0.4580943029000683,0.2529875265280781,0.025176476317401573,3.954883934914528,31.72991444630348,0
0.52696687,FAME,0.26402713777531395,0.46578667693908904,0.25511545386371554,0.030338577569904136,5.543440902519094,43.36772184715758,0
2.5895367,no-FAME,0.2663900395750639,0.4670703635337676,0.25773434375537474,0.020689565547637626,3.7790564380021907,201.35381875235572,0
2.5895367,FAME,0.2637506912444043,0.48683367402573546,0.2663824993766605,0.033429721425126194,4.319934884265484,207.84609690826528,0
1.6243837,no-FAME,0.26465074853054094,0.46145065571658683,0.2552073960884133,0.020288271670864163,3.829065734841814,106.24556422324635,0
1.6243837,FAME,0.2661779275011993,0.48382107471239844,0.26385776092135377,0.031658107312232536,4.194196696761342,124.88204551724938,0
0.89913565,no-FAME,0.2638278680209459,0.4590165321880237,0.25368471969073897,0.023257105591155423,3.947176078475808,59.09315709153299,0
0.89913565,FAME,0.2647955014906361,0.4698522770271692,0.2550993010779428,0.030718842635133723,5.620797637839876,74.97272114578384,0
1.2680616,no-FAME,0.2637700865459709,0.458855450549194,0.25368601363622606,0.021670060520517554,3.8847584838968703,92.08250884199555,0
1.2680616,FAME,0.2653610246558964,0.47876896106277556,0.2596658733768386,0.031877879935941926,5.331043795017843,92.78704793957014,0
0.084959015,no-FAME,0.26311486441259735,0.45755542148966005,0.252727387563712,0.028293444483361806,4.419578528360083,6.214657098642941,0
0.084959015,FAME,0.2635783292790732,0.4596275617272383,0.25363170721543904,0.028648485972140505,4.65261649250582,7.069079197859207,0
0.37284982,no-FAME,0.26331411515885306,0.4585530160028867,0.2527915389499798,0.026511944816445296,4.079982526148398,26.190855053390315,0
0.37284982,FAME,0.26350798283462595,0.4626159459046199,0.2543798087676095,0.02936625441011916,5.1270244936814855,31.003578653071507,0
2.0118732,no-FAME,0.26528239238225537,0.4636269850722937,0.2564734102576648,0.019620383599159075,3.821156785551652,179.9453607259303,0
2.0118732,FAME,0.2670512627360323,0.5017677119946421,0.2594157814420443,0.03697507392791091,6.3682784716594565,170.48673740518947,0
1.9415685,no-FAME,0.265129163051668,0.46294709677304124,0.2561384800097639,0.019596125470198344,3.8169839559441376,159.4860666500683,0
1.9415685,FAME,0.2671773192796708,0.49182460008626405,0.26390473297975253,0.03366316543785121,3.740165050943202,132.81849558451407,0
1.8461553,no-FAME,0.26497051958942247,0.4624412407005742,0.2558215077090761,0.019818682947293758,3.821630490659577,125.57293281531261,0
1.8461553,FAME,0.26725558144563494,0.4902993106909737,0.26410215386873825,0.031366292720512404,3.8448884566223245,132.33562300018116,0
1.1510327,no-FAME,0.26380299067184043,0.45941264029142187,0.25382829114407285,0.022229248036722132,3.9029462823569188,69.06395386949083,0
1.1510327,FAME,0.265095214191678,0.47504370820014646,0.25786494857317616,0.03184243573345694,5.411150309408919,95.61063824847284,0
2.9916298,no-FAME,0.26672248506038515,0.4702698475336285,0.25748817906580845,0.02194067680040519,4.465933805867465,207.84609690826528,0
2.9916298,FAME,0.2623379873087605,0.48140697831327683,0.26360683814008257,0.03528780678389801,4.7847112264937435,207.84609690826528,0
2.942506,no-FAME,0.26632810599113643,0.46932581767554443,0.2568610848001628,0.021472961093388285,4.341717018015847,207.84609690826528,0
2.942506,FAME,0.2620392461400249,0.4808401858110966,0.26207675206701786,0.03407167376840732,4.846507077992681,207.84609690826528,0
2.0566258,no-FAME,0.2653445961301518,0.46375401569726943,0.25657363742706124,0.01959133062504335,3.818999755088594,185.8324939071883,0
2.0566258,FAME,0.26600092869921926,0.4930281841090321,0.2604857635188612,0.03445030103910992,3.844961326014756,174.23333335670674,0
1.9513779,no-FAME,0.2651410439610987,0.4629149382934107,0.2561047579855804,0.019541363584883047,3.816500443245369,169.08508137277923,0
1.9513779,FAME,0.26663734337338807,0.4842335862054676,0.2611078065664921,0.03304413283346466,3.7600963695600518,154.38270813354956,0
2.0653403,no-FAME,0.2653869405614645,0.46391022954282557,0.2566314204532039,0.019547927091204162,3.8185813000709676,198.6785602072062,0
2.0653403,FAME,0.2663160740085228,0.4983122924109371,0.25862928226947807,0.03530283444022649,4.3918789741885975,175.3270889465785,0
1.1667643,no-FAME,0.26367743530853277,0.4591564009553237,0.25343116316625075,0.022140991247652262,3.8859863792831066,70.28376475129942,0
1.1667643,FAME,0.26481341908472333,0.4762969080984516,0.2578363989040965,0.0322390125080527,5.446492705201012,92.48480695541119,0
0.4052895,no-FAME,0.26333743751529615,0.45829903121537946,0.2529172716043473,0.026322507244729884,4.073004384485132,31.025019177003525,0
0.4052895,FAME,0.26332491200362484,0.4623229317395952,0.2542502857560711,0.029959200036062873,5.264404079230992,34.04456879933918,0
2.164465,no-FAME,0.26565303853261457,0.4640350203058484,0.2568192189911152,0.01934941013405441,3.8142483176515354,207.84609690826528,0
2.164465,FAME,0.2631904931445528,0.47759393008394846,0.2552256521445171,0.03450014659626162,3.9157636437769288,192.13970501659438,0
1.5760629,no-FAME,0.2645333958790709,0.4610753327806736,0.2550200705081409,0.020508206668444152,3.8323766811856013,99.3578078052738,0
1.5760629,FAME,0.2662520172145795,0.4824003146225052,0.26232921229557926,0.03207993658210329,4.358770808826984,127.57823165056459,0
0.93072563,no-FAME,0.26365446018063854,0.4588866293524156,0.2532382306916758,0.023313391758606965,3.9426903901168737,56.916206400162004,0
0.93072563,FAME,0.26462457963850594,0.47124627731459356,0.2552879287195932,0.03183906814455588,5.649707786229433,76.69876154945376,0
1.4575061,no-FAME,0.26403468031746324,0.45938940877144396,0.25418456774555165,0.02096136697343044,3.8498896188319947,125.45496894825486,0
1.4575061,FAME,0.26441180786762325,0.4773311699923575,0.2590488543586288,0.03271276591022853,4.816823585494533,117.29008186841406,0
2.6684635,no-FAME,0.2664508824029517,0.46759764094772666,0.2576760432269245,0.020740364994379472,3.776182269174191,204.002176111666,0
2.6684635,FAME,0.2621346359776191,0.48243774386032157,0.2601345471157309,0.03495250011543943,4.4234651679692805,200.0366819674331,0
2.8021305,no-FAME,0.2664387806427818,0.4685280608224936,0.25740813040687405,0.0208016013162494,4.022476801290345,204.94311412434166,0
2.8021305,FAME,0.2612304058505463,0.48230259865826763,0.2598948903913057,0.0336739632138176,4.975897486659618,195.2465978147562,0
1.0733856,no-FAME,0.2637134311880508,0.45883720844336484,0.2535593479353611,0.022596388750927395,3.904454324465308,65.01727413058963,0
1.0733856,FAME,0.26474493583222486,0.47408004316616303,0.25659661975703707,0.03205612068119311,5.555938217295675,85.39003462184968,0
1.7145895,no-FAME,0.2647776114558397,0.46185653618067474,0.2555221397604521,0.020020686557602994,3.824369956036725,103.71608028655777,0
1.7145895,FAME,0.2675515138742423,0.4874243362698074,0.26795471820878775,0.03093050071361996,4.090274813654675,130.9501937370629,0
0.9656082,no-FAME,0.26373653192821017,0.4586831959878863,0.25354929130479437,0.023024845581984157,3.9366862255482036,61.53347754780419,0
0.9656082,FAME,0.2641237782609955,0.47060535400562487,0.25509273907169305,0.03281966185329254,5.635546849565644,80.39847784433343,0
1.7829001,no-FAME,0.26485022014230597,0.4621178179825334,0.2556640294688491,0.019877511950488303,3.82506079847102,118.94707434282715,0
1.7829001,FAME,0.26784493004069265,0.49146428650693297,0.26761179823533,0.031990240202899096,3.903831587068775,132.69394390395988,0
1.0137336,no-FAME,0.2636742859809712,0.4584740262639564,0.25343223595178815,0.02299360381323873,3.911877788330817,61.13782293289165,0
1.0137336,FAME,0.264916745741922,0.47468676619080874,0.2574243878595069,0.032085576546914206,5.66791681535728,85.15028286144107,0
1.174857,no-FAME,0.26374179692461175,0.4589939918495109,0.25366025320822955,0.02204091835503038,3.885000665176005,70.63453469531052,0
1.174857,FAME,0.26434349640536786,0.47630694514330063,0.25791963018522235,0.03255091654339242,5.481569772822046,93.98745475281594,0
2.670823,no-FAME,0.2664141927743841,0.4676747742444356,0.2576152875750939,0.02075412461359687,3.7760945758940436,200.38820498998555,0
2.670823,FAME,0.2613061013131087,0.47755427602509515,0.2588088201601905,0.035268697211027766,4.924001424904259,197.66906964813973,0
0.6814728,no-FAME,0.2638397365563465,0.45926785201184994,0.25348887199452186,0.0240378474790979,4.044283006007063,40.872540447012234,0
0.6814728,FAME,0.2645500578307673,0.46863145415414337,0.2552983927303838,0.03010527385808664,5.6313470601909925,56.59125136502296,0
1.8695614,no-FAME,0.2650093952934688,0.46260722508687613,0.2559181486273364,0.01975792638672562,3.8204608272192164,123.51990852772936,0
1.8695614,FAME,0.2672253534099447,0.49044158383678915,0.2635010519660041,0.032503336063934636,3.7831360301367867,145.02374415654407,0
0.25204602,no-FAME,0.26332493487673003,0.45849124753206627,0.2530421981350696,0.027129670193927584,4.154352262431344,19.451801523317197,0
0.25204602,FAME,0.26327105001810014,0.460453839235322,0.25390352358244,0.029419848548255124,4.812858964507838,21.356810373739737,0
2.4979324,no-FAME,0.26628701029991675,0.4663096280579933,0.2577115645127244,0.020564902067148973,3.782485827570756,207.84609690826528,0
2.4979324,FAME,0.2603611769728781,0.48182982743360553,0.26016915013895414,0.035377160977872406,5.155310795131999,205.6085022653682,0
2.361295,no-FAME,0.2659209043341518,0.46535694479458334,0.25720836825531485,0.019568855861580022,3.9341114721483503,207.84609690826528,0
2.361295,FAME,0.2652612072670421,0.4891160689970772,0.2680132535100771,0.031274446234335174,4.249663975579971,203.70350109606213,0
0.71810836,no-FAME,0.2640216291119187,0.45942747327725103,0.2540719948484177,0.023786196116972098,4.0434186831370305,43.65838234223183,0
0.71810836,FAME,0.26491183659350154,0.4684380479626923,0.25550687500056135,0.029617010618029162,5.556044929244673,57.67459555008759,0
2.6294527,no-FAME,0.2664090775689274,0.46739352811292495,0.25770387297075753,0.020693601055301478,3.7775694729649283,207.84609690826528,0
2.6294527,FAME,0.26354606874601105,0.48291110385370095,0.2632760773068053,0.03372905587858816,4.073556237734089,198.7927949491686,0
0.1757041,no-FAME,0.2633142135485523,0.4585103042369291,0.25304096919276003,0.02769792847737156,4.290109713918816,12.266384927465179,0
0.1757041,FAME,0.26296839513886977,0.4594262144898869,0.2530864545067357,0.029833574058022828,4.738521061734773,14.784098740106788,0
1.0083512,no-FAME,0.26363132634901776,0.45865807167830513,0.25330445487636466,0.023009640921852842,3.9125872659039747,61.605053266056835,0
1.0083512,FAME,0.2641331500826068,0.4697466397420994,0.2547982670848028,0.03245407408570067,5.527224494155434,82.69523022800433,0
0.4508384,no-FAME,0.26344750577715575,0.4584945336353997,0.2530627141829888,0.026137349596035805,4.065206007135538,31.733831435881115,0
0.4508384,FAME,0.26340049684271083,0.46352251116088694,0.25454130944654046,0.030238047551428362,5.3827319492536185,37.207440327636384,0
1.3510181,no-FAME,0.2641921943098483,0.4613861906650525,0.25445674503472204,0.021276625102719545,3.787195621651496,98.91581289795607,0
1.3510181,FAME,0.2645859849783343,0.47583613174523093,0.2592494336788441,0.03291709879323789,5.169969167468026,98.52785411057326,0
2.3889728,no-FAME,0.26598747768519504,0.4655133173184913,0.2572654291810355,0.01951755531365163,3.92910171128627,207.84609690826528,0
2.3889728,FAME,0.264772187185371,0.48741331943382205,0.26622337465076185,0.0327886173702551,4.156532369514204,194.23140975282766,0
0.6919266,no-FAME,0.263857758129292,0.4590345445623933,0.25387034846450185,0.02399010256698089,4.042517452356676,41.63004473940962,0
0.6919266,FAME,0.2645398836624579,0.4675310994487603,0.2551026232134544,0.03010655003144614,5.5254126695773484,55.2718946731726,0
0.1560639,no-FAME,0.26326333643445776,0.4585113554257422,0.2529330556864046,0.027823057282574858,4.311027117487793,11.546429852340387,0
0.1560639,FAME,0.2633727304125459,0.45984937295498035,0.2535933999318674,0.028879880802347904,4.6950083896476125,12.942573436117824,0
