Fx_L,Fy_L,Fz_L,Fx_R,Fy_R,Fz_R,load_mag,cond,rmse,max,ss,rmse_L,rmse_R,base_rmse,base_tilt_max,fell
5.0682015,-5.3251643,-25.815521,6.3284745,-0.17993934,-10.056222,38.72502,no-FAME,0.06800583938325919,0.10696246535006981,0.06855228009005424,0.05546570642493759,0.08054597234158077,0.031407412907721054,3.9218237487199183,0
5.0682015,-5.3251643,-25.815521,6.3284745,-0.17993934,-10.056222,38.72502,FAME,0.08771669297209886,0.12864625995751294,0.08417458508636504,0.10217343451539342,0.07325995142880432,0.01780000786297559,3.4410188036553833,0
0.23198496,-1.1846244,-0.79966176,-17.924004,-18.475111,-0.60223824,27.196022,no-FAME,0.07977829466978056,0.12909017123046082,0.07148911125365807,0.09502307606181766,0.06453351327774348,0.060891245344568225,7.321436701926966,0
0.23198496,-1.1846244,-0.79966176,-17.924004,-18.475111,-0.60223824,27.196022,FAME,0.08817384862893472,0.11867833075638314,0.07937155137363724,0.094106364678978,0.08224133257889145,0.04731452266917886,3.4177564694199796,0
4.4095244,3.2025895,-2.3797069,-8.793387,-10.374829,-1.7576126,19.659851,no-FAME,0.05919800237967234,0.10396029495191322,0.05644130575767593,0.07393555160791618,0.044460453151428506,0.030598805587615855,4.228119252161045,0
4.4095244,3.2025895,-2.3797069,-8.793387,-10.374829,-1.7576126,19.659851,FAME,0.0669832117462563,0.11045000547554756,0.06220240099998121,0.07566993217254116,0.058296491319971444,0.00942760647283212,3.518461309175204,0
-17.11671,-8.430716,-0.5589954,3.5654218,0.4344888,-1.1943477,22.873676,no-FAME,0.07860454568364461,0.12911074205636608,0.08125576383564007,0.10885856156774436,0.04835052979954486,0.03467234259033133,6.205552094361364,0
-17.11671,-8.430716,-0.5589954,3.5654218,0.4344888,-1.1943477,22.873676,FAME,0.08053053380099902,0.13273601326072107,0.08626802839523195,0.08500265624598581,0.07605841135601223,0.0173871706673615,4.556323218122821,0
-20.787811,-1.956189,-11.139535,3.4648397,12.75352,-21.876755,49.224106,no-FAME,0.1117712847210057,0.1569834836959836,0.11602164230365536,0.14263593438608896,0.08090663505592242,0.033788787470231195,5.565633079176972,0
-20.787811,-1.956189,-11.139535,3.4648397,12.75352,-21.876755,49.224106,FAME,0.10187732901449974,0.15028002800315238,0.10696660368283058,0.10303023443590405,0.10072442359309543,0.022113120996435323,4.42686267024248,0
-13.801936,-10.258313,-5.9616947,-20.91897,12.699276,-0.87059444,42.68818,no-FAME,1.3478191667620458,1.6966676395105738,1.6034631816279996,1.2969876810729613,1.3986506524511306,0.7566571163279786,176.98001924206932,1
-13.801936,-10.258313,-5.9616947,-20.91897,12.699276,-0.87059444,42.68818,FAME,0.12618297055605943,0.17049445669862437,0.12170683967584428,0.11765173587903234,0.13471420523308653,0.04811962995986798,5.826212193914316,0
2.0971072,5.311225,-0.65483713,-1.0557396,-3.661545,-1.4208069,9.814639,no-FAME,0.06262264636303097,0.10825729513621674,0.062108699123864894,0.06760643257862364,0.057638860147438284,0.01747870473364336,4.062351198417722,0
2.0971072,5.311225,-0.65483713,-1.0557396,-3.661545,-1.4208069,9.814639,FAME,0.06383231021246778,0.10608604551733584,0.06376887679278033,0.07137727640935984,0.05628734401557572,0.016153479992270386,3.9678363060417317,0
3.0916145,-1.5049986,-0.7952892,-7.1643214,-22.411314,-11.053819,29.525043,no-FAME,0.0669965606871846,0.1072194454431439,0.058912477513392514,0.08048408069200709,0.053509040682362105,0.04929837107187043,4.121959388424557,0
3.0916145,-1.5049986,-0.7952892,-7.1643214,-22.411314,-11.053819,29.525043,FAME,0.10206489773391918,0.14238260726856025,0.09208402357222711,0.11354546998682599,0.09058432548101236,0.06068464715032288,2.7648100685637207,0
11.683022,1.2156988,-9.614393,3.0385163,9.946763,-11.585323,30.74807,no-FAME,0.07036022347214227,0.10452471104129343,0.06973080772324317,0.05106292313317388,0.08965752381111067,0.02701519329680417,3.5334630845577166,0
11.683022,1.2156988,-9.614393,3.0385163,9.946763,-11.585323,30.74807,FAME,0.07363688147807025,0.1104178638364371,0.07306482138096757,0.08560133792790874,0.06167242502823176,0.0240333553404771,3.4824250095829994,0
-21.4272,-10.640678,-5.1188407,1.6895254,15.600694,-15.855546,46.773033,no-FAME,0.10575322612077846,0.15477645717203176,0.11252407898224928,0.14119258345134497,0.07031386879021195,0.03496164313331365,6.765696358525,0
-21.4272,-10.640678,-5.1188407,1.6895254,15.600694,-15.855546,46.773033,FAME,0.0978771572523091,0.1454047641273842,0.10449163655246209,0.09520958767742842,0.10054472682718978,0.02274736563518969,4.838683330712082,0
-6.3018947,-1.3056445,-0.9938601,-3.0369322,-7.44884,-0.13550228,14.557296,no-FAME,0.06723407205193455,0.11725259972941324,0.06574092071592388,0.09005772150129626,0.044410422602572844,0.03540061478950488,5.289107263276775,0
-6.3018947,-1.3056445,-0.9938601,-3.0369322,-7.44884,-0.13550228,14.557296,FAME,0.06906994745374734,0.12131104011817508,0.06850315493569649,0.07693276782071755,0.06120712708677712,0.008846006073206483,4.157371109359775,0
1.7879362,0.70962363,-1.1747969,-6.0222073,-1.0933386,-2.0782006,8.717825,no-FAME,0.06213756136454596,0.10889627438268207,0.061310606957221916,0.07585510273569064,0.04842001999340128,0.02130796575629644,4.162752457138544,0
1.7879362,0.70962363,-1.1747969,-6.0222073,-1.0933386,-2.0782006,8.717825,FAME,0.06599465191124528,0.11221147708218401,0.0649513407232899,0.0706367692068648,0.06135253461562574,0.012136778428415679,3.9416849286080042,0
-10.503715,-2.0822346,-12.594515,-19.166801,0.43589363,-16.736633,41.980736,no-FAME,1.2848612983300032,1.7146232268494797,1.6337269628059845,1.2362238511435895,1.3334987455164167,0.7401628557638508,175.77921400370153,1
-10.503715,-2.0822346,-12.594515,-19.166801,0.43589363,-16.736633,41.980736,FAME,0.11652273080324926,0.16051144695740355,0.10921105486490572,0.11861088677268469,0.11443457483381383,0.04756984778771618,3.967397991850165,0
3.4774466,-2.9317274,-3.5251634,5.8797693,8.495229,-14.747554,23.76093,no-FAME,0.07252480992979995,0.10843667505787404,0.07315083696948885,0.060371845001361626,0.0846777748582383,0.02089866467828394,3.538107918819465,0
3.4774466,-2.9317274,-3.5251634,5.8797693,8.495229,-14.747554,23.76093,FAME,0.0775962336881112,0.11893023282488782,0.07682511894594521,0.09224012834445063,0.06295233903177175,0.025797052604741178,3.328831797446454,0
1.7245878,1.0011625,-0.3388701,3.6048422,0.31498438,-2.5575597,6.453876,no-FAME,0.06613312627340288,0.107944620992999,0.06640026986968521,0.06344005347194198,0.06882619907486379,0.020301547490148435,4.011020022922844,0
1.7245878,1.0011625,-0.3388701,3.6048422,0.31498438,-2.5575597,6.453876,FAME,0.06590070680462033,0.10894358072951335,0.06593544770753532,0.0770060755180584,0.05479533809118226,0.023345206276422944,3.8780469731980047,0
-2.956554,13.731773,-18.461893,-1.111516,-9.460539,-5.453215,34.174038,no-FAME,0.06940983572392209,0.11999757017417609,0.06840132346945782,0.0822382582905523,0.0565814131572919,0.011242508162374008,3.920110373773796,0
-2.956554,13.731773,-18.461893,-1.111516,-9.460539,-5.453215,34.174038,FAME,0.07663554640209046,0.12161713532981246,0.07628197372352967,0.07961963713075262,0.07365145567342829,0.009056354876841794,3.683227813562966,0
19.648695,14.342569,-3.8976038,-15.1296835,-14.3134365,-15.177829,50.40787,no-FAME,0.04946270231107294,0.0960909513070196,0.045083221229175324,0.04767448597036819,0.0512509186517777,0.01359177406727209,3.7384733453608354,0
19.648695,14.342569,-3.8976038,-15.1296835,-14.3134365,-15.177829,50.40787,FAME,0.07450661709699852,0.11239576683038806,0.06913870090155567,0.08671899680142205,0.062294237392574975,0.03114329579073922,2.733350024488361,0
-10.500368,-0.03870671,-5.70481,-12.296501,0.56515676,-6.7703185,25.998573,no-FAME,0.08613021735066989,0.14381519335447646,0.08795441553199805,0.12197873758253981,0.05028169711879996,0.0430049541871093,7.613410317025256,0
-10.500368,-0.03870671,-5.70481,-12.296501,0.56515676,-6.7703185,25.998573,FAME,0.0934528061238703,0.13255550193186363,0.09222219281843377,0.09256310737619819,0.09434250487154243,0.02604556011610262,4.639893697239222,0
-8.035622,2.4644103,-2.681097,-0.7018746,9.487318,-3.408967,18.927877,no-FAME,0.08113805278809737,0.12393270577182462,0.08300554720299323,0.09892183176018438,0.06335427381601036,0.014993030024509881,4.465095158973306,0
-8.035622,2.4644103,-2.681097,-0.7018746,9.487318,-3.408967,18.927877,FAME,0.07872985091635443,0.12198828045918989,0.07972207814083435,0.07598665468981113,0.08147304714289771,0.0375186059756103,4.7521678372536,0
3.7954674,-6.4569044,-3.6082132,-3.5401478,8.908412,-3.5682113,18.542244,no-FAME,0.06412521964747847,0.10617924595385306,0.06399930876358459,0.06908268889108742,0.05916775040386954,0.015735224541336974,4.115957001385839,0
3.7954674,-6.4569044,-3.6082132,-3.5401478,8.908412,-3.5682113,18.542244,FAME,0.0688106719258299,0.11001482440793006,0.06901895837556524,0.07554544019449333,0.06207590365716649,0.02091714331072195,3.9534845003277455,0
-2.2073784,-5.91656,-8.797279,18.86779,-6.8646946,-14.453953,35.56847,no-FAME,0.07830053894356012,0.10991361528287534,0.08067937158683666,0.05919562074758858,0.09740545713953166,0.048483673947345554,3.700513151116295,0
-2.2073784,-5.91656,-8.797279,18.86779,-6.8646946,-14.453953,35.56847,FAME,0.08302039952590154,0.15471207923636704,0.07871929452776065,0.11033582322329069,0.05570497582851239,0.03784705033510058,6.483549153233152,0
-13.227743,8.7748165,-6.8970704,-8.2552,-8.132884,-7.173333,30.9362,no-FAME,0.08513171830825997,0.14288336267166488,0.08684337402152063,0.12184763185030517,0.04841580476621478,0.04053207198377424,7.414342991043346,0
-13.227743,8.7748165,-6.8970704,-8.2552,-8.132884,-7.173333,30.9362,FAME,0.0897309223530983,0.13490794970930048,0.08744154691814389,0.09035729418459662,0.08910455052159999,0.023558359455148874,4.318667792113407,0
11.625289,9.693616,-4.6498475,-6.593393,8.452775,-26.353647,44.285206,no-FAME,0.0748455925004935,0.10742288137153655,0.07211135309751643,0.06654571569299697,0.08314546930799001,0.02456968919401903,3.7582362525306325,0
11.625289,9.693616,-4.6498475,-6.593393,8.452775,-26.353647,44.285206,FAME,0.08768151643131544,0.12328809638395022,0.08734061284835545,0.09791958771072458,0.0774434451519063,0.01602944218919785,2.937509699752579,0
-10.179061,0.24034661,-3.158272,-7.312877,-3.2623253,-4.8580966,20.026482,no-FAME,0.07620618100652798,0.13089570317317367,0.07608971739598828,0.10796290270074646,0.04444945931230951,0.036195197239647516,6.918640203833475,0
-10.179061,0.24034661,-3.158272,-7.312877,-3.2623253,-4.8580966,20.026482,FAME,0.07788468048743062,0.1279024166487219,0.07786219465307673,0.07937259799144653,0.07639676298341472,0.016665156474606712,4.555681517170403,0
8.846643,-5.4448333,-16.055082,-2.1299818,17.046673,-14.829374,41.81704,no-FAME,0.06887696401522002,0.10770086258024113,0.06775366008436777,0.05876758892571687,0.07898633910472316,0.0166823925466502,3.7908054035704737,0
8.846643,-5.4448333,-16.055082,-2.1299818,17.046673,-14.829374,41.81704,FAME,0.08288081437296288,0.11454112276298292,0.08378460070481503,0.09198446318452617,0.0737771655613996,0.014130091426740859,3.58770455145683,0
-15.314218,-7.6723313,-10.844609,7.2806273,-3.3081746,-3.0843666,28.844189,no-FAME,0.07784827432403282,0.1262517667556747,0.07965382742441754,0.1003276052244133,0.05536894342365237,0.03335963539825439,4.427437029783838,0
-15.314218,-7.6723313,-10.844609,7.2806273,-3.3081746,-3.0843666,28.844189,FAME,0.08307568471944038,0.1331886333163717,0.08658925295178263,0.09137321809260548,0.07477815134627529,0.015243299745677659,4.264728729127649,0
0.4083737,16.669676,-1.5693994,4.597917,-16.941154,-14.915603,39.78353,no-FAME,0.06740982018186736,0.11222427214858723,0.06663098347837743,0.0644547690356278,0.07036487132810693,0.017396856275515633,3.6130106434236695,0
0.4083737,16.669676,-1.5693994,4.597917,-16.941154,-14.915603,39.78353,FAME,0.07753045445545373,0.12074541570599137,0.07599552403161766,0.09047821365864658,0.06458269525226089,0.01341118283792104,2.9435079790834897,0
-5.5868144,-3.331328,-9.627428,0.5152925,0.107980326,-0.039163627,12.146788,no-FAME,0.0693424436771907,0.11723596434240034,0.07010488575248634,0.08582534272586849,0.05285954462851292,0.02587722418165948,4.231110856639676,0
-5.5868144,-3.331328,-9.627428,0.5152925,0.107980326,-0.039163627,12.146788,FAME,0.0714207336520497,0.119241184661626,0.07175177729006728,0.07610965012846706,0.06673181717563234,0.02126619769371314,4.236338595615684,0
-15.541845,7.6683965,-7.0693665,-0.14180748,1.1471517,-3.7191494,22.611713,no-FAME,0.08984538063190216,0.13767127906967946,0.0938287757570711,0.12154813142755146,0.05814262983625287,0.028669505125433686,6.238291104787542,0
-15.541845,7.6683965,-7.0693665,-0.14180748,1.1471517,-3.7191494,22.611713,FAME,0.0884909394803225,0.13736430804383337,0.0897181885696363,0.08532938132147433,0.09165249763917066,0.026545841759519163,4.778722146045148,0
10.180676,-5.934375,-13.283487,-4.70902,6.1489363,-0.7130516,25.534792,no-FAME,0.058966139008767085,0.10120108865756261,0.05782690943263809,0.05628930432471003,0.06164297369282415,0.019865503134980853,4.002810920626439,0
10.180676,-5.934375,-13.283487,-4.70902,6.1489363,-0.7130516,25.534792,FAME,0.06863578722811031,0.10604206895545171,0.06808262490491451,0.07717429531924246,0.06009727913697817,0.015509842415448123,3.69457453931297,0
-1.7697893,9.695513,-2.6651795,12.846102,-9.150198,-20.799171,36.312473,no-FAME,0.07608044316147006,0.1124374694604384,0.07714756221676332,0.0625272648982808,0.08963362142465932,0.025105936376515543,3.408335923912288,0
-1.7697893,9.695513,-2.6651795,12.846102,-9.150198,-20.799171,36.312473,FAME,0.07963028337135869,0.12686146988211913,0.07872191625939991,0.09819856282491081,0.06106200391780657,0.023979252454440502,3.129100708175537,0
-5.181169,1.7596323,-7.266151,4.137343,5.76659,-6.57522,18.77098,no-FAME,0.07597106703514458,0.11831828394570132,0.07735832317828764,0.08167298130021944,0.07026915277006975,0.008046248388451428,3.8838831779443668,0
-5.181169,1.7596323,-7.266151,4.137343,5.76659,-6.57522,18.77098,FAME,0.07367473025597338,0.11998865359796279,0.07527113523725486,0.0789138787397773,0.06843558177216946,0.03409521448944948,4.3178495509701404,0
1.790492,-6.5113187,-14.914909,-5.035511,-11.787641,-6.790612,30.878233,no-FAME,0.06558605261374387,0.10747524397094754,0.06019335459999446,0.07983047404159069,0.05134163118589703,0.04371799476967051,3.872881542810667,0
1.790492,-6.5113187,-14.914909,-5.035511,-11.787641,-6.790612,30.878233,FAME,0.0853100345018295,0.1237679773880741,0.07628059203957949,0.09825437317226973,0.07236569583138928,0.025874256992242176,3.4869106315594505,0
-14.400529,5.1650333,-10.169236,2.4764125,1.9754583,-0.5268987,21.581589,no-FAME,0.08399933639354276,0.13086686906772468,0.08695024381626265,0.11031188171336075,0.057686791073724764,0.022409655874232846,5.296166531128479,0
-14.400529,5.1650333,-10.169236,2.4764125,1.9754583,-0.5268987,21.581589,FAME,0.08385097555056198,0.1320281879773589,0.08513646843049386,0.08101699584700477,0.08668495525411919,0.03119358636071981,4.805280989486623,0
-2.15951,-14.121593,-11.475381,-4.6936536,16.128109,-2.6202176,35.324303,no-FAME,0.07118868157610787,0.11492825937259175,0.07270182370987391,0.08740506274084194,0.05497230041137382,0.01939536394481514,4.029643899597949,0
-2.15951,-14.121593,-11.475381,-4.6936536,16.128109,-2.6202176,35.324303,FAME,0.08040017935780296,0.12074507485471522,0.08207166876872302,0.08438967066635614,0.07641068804924978,0.014600090740280004,4.160549170102825,0
-9.238813,-5.145216,-4.481018,-1.995053,1.94328,-0.7327222,14.364976,no-FAME,0.07253698125054443,0.12148640223550858,0.07356195284521805,0.09749385820714974,0.04758010429393912,0.02932253525107465,5.515511497918133,0
-9.238813,-5.145216,-4.481018,-1.995053,1.94328,-0.7327222,14.364976,FAME,0.07364068270711846,0.12448689429957734,0.07482293854014127,0.07699020096504602,0.07029116444919091,0.018495825196007152,4.507967387531443,0
-16.210604,2.783507,-4.190292,-4.208794,-0.5238373,-0.24030076,21.221287,no-FAME,0.08949482727270806,0.14728489749819237,0.09292148273565337,0.12754084321600465,0.05144881132941149,0.03829252289322938,7.447058485745794,0
-16.210604,2.783507,-4.190292,-4.208794,-0.5238373,-0.24030076,21.221287,FAME,0.09115872513823328,0.13475997321637637,0.09313192904737559,0.08805600827085569,0.09426144200561086,0.024377261229560458,4.770811802771355,0
13.358967,-9.254182,-24.707603,14.245956,4.5040073,-18.819345,53.60226,no-FAME,1.3052521268762676,1.8826928358882942,1.7157473786946245,1.2484511594382182,1.362053094314317,1.026293625861503,150.71106570894617,1
13.358967,-9.254182,-24.707603,14.245956,4.5040073,-18.819345,53.60226,FAME,0.0874476272563845,0.1564722009367992,0.08295511710320827,0.10964031899515758,0.0652549355176114,0.027289833596444033,5.748639182056513,0
5.0821843,-5.552191,-10.40332,-2.0416133,5.19932,-4.7267213,20.158045,no-FAME,0.06272232739231175,0.10585243138962774,0.06243192953142005,0.06298629508543549,0.06245835969918801,0.02013823492116722,3.991158165097877,0
5.0821843,-5.552191,-10.40332,-2.0416133,5.19932,-4.7267213,20.158045,FAME,0.07045694475033878,0.11043187937685395,0.07026269653234138,0.07928912952811892,0.06162475997255865,0.017285477620855902,3.601002317900801,0
11.397153,13.243674,-18.284323,-0.42366198,1.4263494,-1.0783569,27.128054,no-FAME,0.06562405233512816,0.10683184389977007,0.06375228488791193,0.05331760868479724,0.07793049598545908,0.021795722273204424,4.034911996590606,0
11.397153,13.243674,-18.284323,-0.42366198,1.4263494,-1.0783569,27.128054,FAME,0.07171778128346866,0.10847217609406105,0.07343754629844929,0.07575654674539711,0.0676790158215402,0.010647508754524656,3.607177106843954,0
1.6608555,1.7799819,-0.1594108,-2.9609134,-17.210415,-4.583498,20.494457,no-FAME,0.06248316129447,0.10532473435769812,0.05839247587426305,0.07313345486490008,0.05183286772403991,0.039421679851033314,3.987439669651599,0
1.6608555,1.7799819,-0.1594108,-2.9609134,-17.210415,-4.583498,20.494457,FAME,0.07668643387782813,0.11714005069211478,0.06918349676840191,0.09099212522965455,0.062380742526001697,0.023996840036847284,3.201015181776955,0
-23.03015,-2.179819,-12.421056,2.691681,1.7824639,-2.9822378,30.651852,no-FAME,0.09583941772712126,0.15449584844070055,0.10062205577589392,0.13669277561663828,0.054986059837604254,0.03813538717128051,7.246130482336943,0
-23.03015,-2.179819,-12.421056,2.691681,1.7824639,-2.9822378,30.651852,FAME,0.10283160576240648,0.1440234638179748,0.10717508186169575,0.09805803388659708,0.10760517763821588,0.025224570871269936,4.633945116907984,0
-25.868574,4.69924,-10.33748,0.9536591,0.74117976,-1.0255889,29.835686,no-FAME,0.12674391808914479,0.1997893144166019,0.13274247500554576,0.1746364593960026,0.07885137678228697,0.05307411978866793,8.01679551331213,0
-25.868574,4.69924,-10.33748,0.9536591,0.74117976,-1.0255889,29.835686,FAME,0.12316618953117203,0.16390756643269652,0.12277489555938953,0.11242451588508967,0.1339078631772544,0.04044900844441438,4.8177768832552275,0
-5.4292097,-5.498783,-1.4151158,-5.2571774,23.370945,-6.8553963,32.77249,no-FAME,0.08924209256620727,0.123714099580555,0.09154980289324627,0.10621206090015099,0.07227212423226355,0.019252386671597278,4.714028406435388,0
-5.4292097,-5.498783,-1.4151158,-5.2571774,23.370945,-6.8553963,32.77249,FAME,0.0848966779464608,0.1222687008888446,0.08825465510455503,0.08212870840068309,0.08766464749223853,0.030197608458616222,4.437267959907648,0
0.09502501,0.35036623,-0.0036864928,-6.9500284,4.0387135,-8.795719,12.278528,no-FAME,0.06744131808699769,0.11386574113358094,0.06718145691786466,0.08256134490389082,0.05232129127010457,0.016392061523312944,4.061504048508162,0
0.09502501,0.35036623,-0.0036864928,-6.9500284,4.0387135,-8.795719,12.278528,FAME,0.0718197303217663,0.11674589797184934,0.0713893326604198,0.07668653200165147,0.06695292864188114,0.013545168457597234,3.955751017981448,0
7.2178,9.714802,-7.9682746,-21.053955,-2.228542,-15.030202,40.454506,no-FAME,0.0689347385517236,0.11083343234919271,0.06644968077838813,0.08905634137887972,0.04881313572456751,0.0266442514573867,5.636504809001388,0
7.2178,9.714802,-7.9682746,-21.053955,-2.228542,-15.030202,40.454506,FAME,0.08728444856194191,0.12306081312371768,0.08412065174854479,0.08908451840146045,0.08548437872242337,0.02469848053899127,3.601661333332147,0
-4.8252215,2.5065157,-0.6928251,-6.536423,0.7916354,-21.327753,27.80231,no-FAME,0.07468139645289804,0.1198229783590208,0.07528194644738562,0.09427298141076683,0.055089811495029235,0.019188598835657447,4.651458434116542,0
-4.8252215,2.5065157,-0.6928251,-6.536423,0.7916354,-21.327753,27.80231,FAME,0.08566361433152153,0.13804453485583074,0.0860037878718268,0.09878370629583577,0.0725435223672073,0.014244147931423002,3.5554089500016146,0
18.136124,15.8874035,-16.380842,-1.0484679,-5.535744,-2.145725,35.177856,no-FAME,0.06330978838926904,0.10011990239982066,0.061547302545509885,0.04355811158281194,0.08306146519572613,0.03329030534346179,3.932203307211136,0
18.136124,15.8874035,-16.380842,-1.0484679,-5.535744,-2.145725,35.177856,FAME,0.06996541232515006,0.10300771536156557,0.06951755062315956,0.07900056890751557,0.06093025574278455,0.0110360141439488,3.376234027260919,0
4.3857255,-4.9280686,-26.110453,-1.2883649,-1.1504018,-1.8682483,29.47529,no-FAME,0.06199538286004044,0.1091728444680425,0.06128567963427074,0.06469775705644326,0.05929300866363763,0.025866350457279166,4.01430238204251,0
4.3857255,-4.9280686,-26.110453,-1.2883649,-1.1504018,-1.8682483,29.47529,FAME,0.08934678640931848,0.1190449772866031,0.08507766900152139,0.09814623918425128,0.08054733363438567,0.01881476804704743,3.5640374963428147,0
-2.3237848,-17.148277,-23.04617,2.6918359,1.1237941,-4.232976,33.960663,no-FAME,0.07031636281803709,0.11190737367365793,0.06938817362433101,0.0801464631820058,0.06048626245406837,0.0434803812115374,3.8724669761756854,0
-2.3237848,-17.148277,-23.04617,2.6918359,1.1237941,-4.232976,33.960663,FAME,0.10157332313536549,0.12761965754278357,0.09614405745688195,0.11327453077214726,0.08987211549858373,0.03163081923108068,3.728030957496051,0
-5.8047557,1.6780133,-17.078693,-7.8176723,-8.781881,-9.050478,32.953495,no-FAME,0.07023446237875218,0.12155920255103807,0.06723851055314581,0.09646011207556308,0.044008812681941276,0.03530109768187867,5.602409276054765,0
-5.8047557,1.6780133,-17.078693,-7.8176723,-8.781881,-9.050478,32.953495,FAME,0.08289921702885433,0.129552212867296,0.07940948185366067,0.08810493039456964,0.07769350366313901,0.018480301991829682,3.808383083318939,0
-5.024129,-0.11347637,-14.614939,-9.248329,4.821955,-2.5303202,26.187256,no-FAME,0.07629827182756369,0.12297041270696502,0.07710167309344505,0.10307331398958412,0.04952322966554325,0.02610699249031521,5.868203584557252,0
-5.024129,-0.11347637,-14.614939,-9.248329,4.821955,-2.5303202,26.187256,FAME,0.07891135539098348,0.1207015496572297,0.07921526268486699,0.07625775649616001,0.08156495428580694,0.01848543891573751,4.322392064429981,0
6.117709,-2.1581354,-24.124535,7.56063,8.5071335,-22.213514,49.940994,no-FAME,0.0757690900589397,0.11129516137068425,0.07622607916987233,0.055837905811485206,0.09570027430639419,0.02889087808556076,3.795241259471764,0
6.117709,-2.1581354,-24.124535,7.56063,8.5071335,-22.213514,49.940994,FAME,0.09084506087581251,0.14230187516496123,0.08897648040201048,0.10648856973506786,0.07520155201655718,0.020187962569664493,3.9751615959062496,0
-18.998102,4.0642495,-2.3573742,-9.074556,8.693197,-6.3442125,33.647694,no-FAME,1.2548076429403547,1.683634943291627,1.5845517363844017,1.2577485704958022,1.251866715384907,0.7126932534591195,176.9685199889449,1
-18.998102,4.0642495,-2.3573742,-9.074556,8.693197,-6.3442125,33.647694,FAME,0.1204719834946367,0.1555391480611136,0.12148116376117242,0.11095073091578771,0.1299932360734857,0.039705794264559474,4.943759026971372,0
-2.0725431,-0.9234583,-7.1031413,3.8768225,16.125132,-1.3866913,24.099222,no-FAME,0.07934885528857988,0.1184281102248167,0.08038041775853721,0.07909875402834632,0.07959895654881342,0.00678344211896368,4.020785088488641,0
-2.0725431,-0.9234583,-7.1031413,3.8768225,16.125132,-1.3866913,24.099222,FAME,0.07614542490817582,0.11398696036167597,0.07898242934144746,0.0783735837076044,0.07391726610874723,0.04248911414978689,4.5565749432565195,0
-0.93654484,1.6289407,-27.965528,6.0307555,-5.4209476,-8.3277025,39.65215,no-FAME,0.0684927125928165,0.1142908741840155,0.0688157390964412,0.0658578177549011,0.07112760743073189,0.02492168879030386,3.865950548801692,0
-0.93654484,1.6289407,-27.965528,6.0307555,-5.4209476,-8.3277025,39.65215,FAME,0.09301035323878365,0.1259146910591041,0.09019600741498661,0.10456292997944262,0.08145777649812468,0.018475409584141962,3.3995745772703096,0
10.029865,5.5861487,-6.49606,1.7507055,-4.706772,-22.083216,35.837994,no-FAME,0.06494840325355655,0.10189387721973632,0.06423892742254449,0.049975057028031636,0.07992174947908146,0.02528874509368931,3.561495779660406,0
10.029865,5.5861487,-6.49606,1.7507055,-4.706772,-22.083216,35.837994,FAME,0.07802243969241401,0.12268426320576527,0.07362356119250832,0.0939532873939618,0.06209159199086623,0.01830654813837229,3.5331951047073136,0
1.1174839,21.487062,-8.695267,-17.345762,0.50428694,-11.226953,43.874878,no-FAME,0.09303410236438633,0.13519279017010186,0.09494027666565542,0.11844935591411068,0.067618848814662,0.03665642496125303,5.7353125040667345,0
1.1174839,21.487062,-8.695267,-17.345762,0.50428694,-11.226953,43.874878,FAME,0.09003298007275562,0.12432692862027561,0.08997993623330243,0.08444095458365874,0.09562500556185248,0.024130748026149666,3.9998133472218145,0
5.7465286,-1.426283,-13.812606,-13.146097,9.242329,-12.845809,35.60131,no-FAME,0.06656005624417424,0.11113272205843526,0.06542851369759849,0.080187352001196,0.052932760487152494,0.013343922615129598,4.016235853625713,0
5.7465286,-1.426283,-13.812606,-13.146097,9.242329,-12.845809,35.60131,FAME,0.08184586691354473,0.11932650047609185,0.08091143923364556,0.08362952724824341,0.08006220657884607,0.009604890993470802,3.7839392643656025,0
2.5671113,-4.8279495,-0.5986699,3.16578,-21.08818,-9.004922,28.648521,no-FAME,0.06911994418575373,0.10247293967813911,0.06678547610680807,0.06974033551765926,0.0684995528538482,0.0522433874175779,3.4786221294109936,0
2.5671113,-4.8279495,-0.5986699,3.16578,-21.08818,-9.004922,28.648521,FAME,0.09550582856327383,0.14221730594032125,0.08639962232788914,0.11061483814409627,0.08039681898245139,0.048730984322707546,3.9232275298544814,0
-1.4799062,-7.5460415,-4.4365034,-2.9869697,-10.373282,-5.145016,20.835989,no-FAME,0.06735350025332673,0.1087826537874663,0.06303624293913328,0.08339209096111667,0.051314909545536795,0.04504938643590158,3.959679116709865,0
-1.4799062,-7.5460415,-4.4365034,-2.9869697,-10.373282,-5.145016,20.835989,FAME,0.08259250585534983,0.12264136988187095,0.07477838079667795,0.09537040207813693,0.06981460963256271,0.02208439783151861,3.511491661796098,0
-4.87612,-10.633582,-12.653194,0.7333815,-1.359104,-3.221534,20.804897,no-FAME,0.0688150267685279,0.11377769134207884,0.06795920220652556,0.08445907943846245,0.05317097409859333,0.036573414370475434,3.9344746618775237,0
-4.87612,-10.633582,-12.653194,0.7333815,-1.359104,-3.221534,20.804897,FAME,0.08058491780897806,0.12450798422656227,0.07796508314325247,0.09190409515468866,0.06926574046326747,0.010636560082606019,3.9317659106082736,0
-1.3540646,3.9463937,-0.9985602,-12.326186,-17.659428,-11.761094,28.828064,no-FAME,0.0689160646733048,0.11843452345669832,0.0618912783525277,0.09006732344447244,0.04776480590213718,0.0442508165165195,6.236301755092576,0
-1.3540646,3.9463937,-0.9985602,-12.326186,-17.659428,-11.761094,28.828064,FAME,0.09252954960721127,0.12697554398304758,0.08598954603370536,0.10323205257674745,0.08182704663767511,0.04246569977363721,3.1287976086968436,0
-0.08177136,-0.33517632,-0.22544658,9.956449,-1.2323399,-2.6072378,10.777811,no-FAME,0.07016536848921553,0.10796764349681481,0.07131839643036812,0.060725441995714585,0.07960529498271648,0.02999075860940903,3.8642270631175073,0
-0.08177136,-0.33517632,-0.22544658,9.956449,-1.2323399,-2.6072378,10.777811,FAME,0.06877712592286099,0.11093817243961206,0.06814157540952255,0.08506374701104466,0.052490504834677314,0.03044424532585854,3.6968852737139564,0
12.583572,-0.5859053,-3.278086,-1.4105835,-13.539327,-15.664573,33.769615,no-FAME,0.057522326022564775,0.09360731799917034,0.05675618372820347,0.04658399467242014,0.06846065737270941,0.03500391527525369,3.6433226269876795,0
12.583572,-0.5859053,-3.278086,-1.4105835,-13.539327,-15.664573,33.769615,FAME,0.07364937281587741,0.13255885291189426,0.06451280002127738,0.09301906295526371,0.05427968267649112,0.0257339569715062,4.602250040264163,0
17.353119,-13.545074,-6.1846824,-13.60377,15.0197,-21.649582,52.51989,no-FAME,0.05757943647412821,0.09493871037599504,0.05424049372999651,0.05221324706654756,0.06294562588170885,0.013561897920484336,3.8488093800167693,0
17.353119,-13.545074,-6.1846824,-13.60377,15.0197,-21.649582,52.51989,FAME,0.09123480552504376,0.13823145477691484,0.08605419473896062,0.10383618932801833,0.07863342172206919,0.03117458322538234,3.8143706206225745,0
-8.675215,10.763298,-12.180408,-16.594582,3.762597,-12.396988,39.47757,no-FAME,0.12416000535813787,0.18441882344481692,0.12925595754149383,0.1622358167559923,0.08608419396028344,0.05837688792852819,7.788561615737866,0
-8.675215,10.763298,-12.180408,-16.594582,3.762597,-12.396988,39.47757,FAME,0.11033211646651134,0.14132706300677092,0.10842475005531496,0.10680011871640933,0.11386411421661334,0.03452283388624023,4.3056629466566205,0
-3.1954634,-8.361668,-3.799383,-18.608286,-8.645145,-17.85677,36.92496,no-FAME,0.08308106843484481,0.1354334998932903,0.07458125724611771,0.10211496576375736,0.06404717110593226,0.05891939057571211,7.319368648482357,0
-3.1954634,-8.361668,-3.799383,-18.608286,-8.645145,-17.85677,36.92496,FAME,0.0906518723335519,0.12203057522437057,0.08701584672897461,0.10014331734500766,0.08116042732209613,0.03685017891386437,3.395184843499114,0
18.248966,-10.783971,-3.6976054,-0.34723106,0.027396724,-0.19798788,21.917875,no-FAME,0.05870180138244184,0.08556397363857687,0.0606499466733053,0.041900184963615854,0.07550341780126783,0.040625446448026764,3.920197124772786,0
18.248966,-10.783971,-3.6976054,-0.34723106,0.027396724,-0.19798788,21.917875,FAME,0.06687852121741418,0.13070080303132273,0.05887071030413422,0.08796188554924471,0.04579515688558366,0.029698817356233538,5.962449756401936,0
-9.6484375,-3.5216599,-10.285161,15.147642,-0.70615155,-9.903413,32.646965,no-FAME,0.07989731109669451,0.1207749754497715,0.08233373052574616,0.07661602853107569,0.08317859366231335,0.025750145189515173,3.6640974458481668,0
-9.6484375,-3.5216599,-10.285161,15.147642,-0.70615155,-9.903413,32.646965,FAME,0.08257656277375694,0.13137556038579992,0.08269566309449582,0.101013228385421,0.0641398971620929,0.033832665544374856,3.7866002725281187,0
1.6648768,28.33898,-9.655727,-1.2106435,-2.6301758,-0.3755705,32.90472,no-FAME,0.07869175265110537,0.12282741023254345,0.07664462467087983,0.08248602429079067,0.07489748101142008,0.015940433842284146,3.9788893456683705,0
1.6648768,28.33898,-9.655727,-1.2106435,-2.6301758,-0.3755705,32.90472,FAME,0.07886419775211011,0.11775768452890598,0.08170537249581541,0.07417489130675216,0.08355350419746806,0.018241910575769373,3.7693988374600838,0
16.203814,-5.459288,-15.7998495,-0.1585592,-22.401316,-13.538606,49.456093,no-FAME,0.06307378438284852,0.09200355000815107,0.0646268759721536,0.05063772811931347,0.07550984064638358,0.051215926761724234,3.5298156196970076,0
16.203814,-5.459288,-15.7998495,-0.1585592,-22.401316,-13.538606,49.456093,FAME,0.09892144608571465,0.16851379646414494,0.0811435436315467,0.11335443393078473,0.08448845824064458,0.05642919431509274,4.579218577542833,0
-0.17390463,-13.533502,-20.922901,11.466059,2.4278035,-26.31546,53.726376,no-FAME,0.07648532345923151,0.11108121500841016,0.07795431966164593,0.06285313187538766,0.09011751504307534,0.03707234841045818,3.415523057570477,0
-0.17390463,-13.533502,-20.922901,11.466059,2.4278035,-26.31546,53.726376,FAME,0.09603368527587738,0.15617042358204403,0.09292843501044223,0.11818722114098915,0.07388014941076562,0.026198273518250804,4.993996472667659,0
6.50396,-0.16407147,-4.2779264,-0.7077855,0.5827105,-0.4575023,8.811075,no-FAME,0.060840241166829324,0.10252432950832932,0.06037267941959984,0.058467236647026744,0.0632132456866319,0.02065652195801323,4.057870265405754,0
6.50396,-0.16407147,-4.2779264,-0.7077855,0.5827105,-0.4575023,8.811075,FAME,0.06503722039482414,0.10650918007615785,0.06469111139536644,0.0748861831328626,0.05518825765678568,0.020916455581567166,3.8089192204382316,0
-2.7871637,2.9136693,-2.1486342,0.6653789,-2.3536289,-3.1623456,8.5666895,no-FAME,0.0675112477438953,0.11401327523879676,0.06762792892241842,0.07776849071627767,0.05725400477151295,0.018865013974162376,4.040383427135222,0
-2.7871637,2.9136693,-2.1486342,0.6653789,-2.3536289,-3.1623456,8.5666895,FAME,0.06798211167624936,0.11583253084096151,0.06797619455435903,0.07390056005057738,0.06206366330192134,0.019115197258495118,4.141777084544431,0
4.7941427,3.5324001,-0.5368335,2.5157638,17.040052,-18.095562,30.961948,no-FAME,0.08121377825848201,0.1125206345618202,0.08108200073647825,0.06987997564498225,0.09254758087198178,0.020127268120038597,3.678753411412958,0
4.7941427,3.5324001,-0.5368335,2.5157638,17.040052,-18.095562,30.961948,FAME,0.08073641692352453,0.11746487040566654,0.08258349230009068,0.08935834186177626,0.0721144919852728,0.02207910282719165,3.4465000030011224,0
-4.665777,-9.928038,-6.91609,-8.840872,-15.989497,-9.52925,33.57454,no-FAME,0.07783943063526559,0.1299570086227509,0.06852955440763944,0.09899331445204713,0.05668554681848405,0.060565942110523116,6.441003022483843,0
-4.665777,-9.928038,-6.91609,-8.840872,-15.989497,-9.52925,33.57454,FAME,0.09216009825705157,0.12089538391835482,0.08536085140423919,0.1023518229213376,0.08196837359276554,0.04403731354680972,3.3142777267375423,0
-9.126158,7.461265,-9.854431,-29.00488,-5.0479736,-0.7222702,44.81421,no-FAME,1.3870777093438367,1.7322254003737718,1.6221658543601345,1.3165896152716412,1.457565803416032,0.8011568698014564,175.99261088661365,1
-9.126158,7.461265,-9.854431,-29.00488,-5.0479736,-0.7222702,44.81421,FAME,0.15134512992516314,0.20737290115579748,0.1412003919313099,0.14408307321437586,0.15860718663595044,0.0737075007684638,8.588175701134206,0
-2.9688625,-2.792889,-4.1798496,-1.5826633,-21.452,-7.237573,28.533556,no-FAME,0.0714875715029479,0.11302324269296765,0.06450573291828324,0.086912355597657,0.0560627874082388,0.053967521307983476,4.09963364815614,0
-2.9688625,-2.792889,-4.1798496,-1.5826633,-21.452,-7.237573,28.533556,FAME,0.09581681322965335,0.12993837837403593,0.08772451518635059,0.10769962828555209,0.0839339981737546,0.04725570004527684,3.1226454489722406,0
-6.542305,-21.084726,-7.7533894,12.414265,-12.792245,-0.01259871,41.224045,no-FAME,0.08775519151493325,0.11381678031307103,0.08719848986390549,0.0943834280001193,0.08112695502974719,0.07716560411032392,3.8991987555517134,0
-6.542305,-21.084726,-7.7533894,12.414265,-12.792245,-0.01259871,41.224045,FAME,0.09002177069246205,0.12515641650100998,0.08370539342094546,0.10640315636001792,0.07364038502490618,0.03401855557009747,3.7614146586826127,0
21.235094,-5.659882,-13.992567,-2.5044434,15.835744,-2.1591506,42.230232,no-FAME,0.06438553128788282,0.10631831487946669,0.0629013386603725,0.04092184807432466,0.08784921450144098,0.03611049024075089,3.946135843826064,0
21.235094,-5.659882,-13.992567,-2.5044434,15.835744,-2.1591506,42.230232,FAME,0.0740048006999454,0.12033587051695976,0.07119946612597614,0.08939004766840315,0.05861955373148765,0.026016207118570115,4.597755334230483,0
-2.5218542,9.080627,-1.0274652,-0.004677063,-0.2959129,-0.0064801467,9.77617,no-FAME,0.06989590043758122,0.11625440594568216,0.07012583226346093,0.08044685175262078,0.059344949122541645,0.010108961973889352,4.0816878505796,0
-2.5218542,9.080627,-1.0274652,-0.004677063,-0.2959129,-0.0064801467,9.77617,FAME,0.06750532940005903,0.11354535527782861,0.06877932374538347,0.06914949434749004,0.06586116445262802,0.02514616301614642,4.284181795841914,0
-2.2383983,14.956302,-1.9012903,-20.424442,11.425478,-2.2868257,38.756367,no-FAME,0.13002378882766072,0.18202945353307887,0.13650368835399013,0.1646637897837914,0.09538378787153003,0.061090656458975316,7.528726268270632,0
-2.2383983,14.956302,-1.9012903,-20.424442,11.425478,-2.2868257,38.756367,FAME,0.11016828914740656,0.14739884475849097,0.11060475629323913,0.09678100546894743,0.12355557282586568,0.03806254835617023,5.3155776272038295,0
-17.58376,2.907197,-0.5591655,0.382399,-8.550021,-7.7111964,29.351292,no-FAME,0.07945368378589826,0.1346524820796813,0.08045249690829642,0.11271203879562489,0.04619532877617162,0.03580623718619008,6.7523244953609565,0
-17.58376,2.907197,-0.5591655,0.382399,-8.550021,-7.7111964,29.351292,FAME,0.08003605393340858,0.13274994949448637,0.08288983280739123,0.08371078242105112,0.07636132544576604,0.016636486274850554,4.301505259826622,0
14.238532,-12.306492,-10.74531,0.8908542,1.1085899,-2.866151,24.870941,no-FAME,0.0605549471683923,0.09147931247038929,0.06134340882626817,0.04634601816672374,0.07476387617006086,0.03913015609823105,3.7544936427162057,0
14.238532,-12.306492,-10.74531,0.8908542,1.1085899,-2.866151,24.870941,FAME,0.07045480367730504,0.1297286527461256,0.06361925046386975,0.08989582560303833,0.051013781751571764,0.025537898767213102,5.369333623749987,0
3.4445188,-2.6969986,-0.6593938,-0.7115248,16.303522,-1.6776007,20.829216,no-FAME,0.07053313647516835,0.10982842496128514,0.07070156876133094,0.06909804494658175,0.07196822800375492,0.00796453482184054,4.057086414662844,0
3.4445188,-2.6969986,-0.6593938,-0.7115248,16.303522,-1.6776007,20.829216,FAME,0.07033893488974875,0.10709683761227627,0.07253914547321225,0.07401725911292835,0.06666061066656916,0.03026137216407148,4.229807916599419,0
-2.7066135,7.6427097,-2.294107,7.302213,6.7694945,-4.9027348,19.525013,no-FAME,0.07858402527520159,0.11819057192277095,0.07926606871666095,0.07452738442745115,0.08264066612295201,0.011204401230718478,4.033299304643766,0
-2.7066135,7.6427097,-2.294107,7.302213,6.7694945,-4.9027348,19.525013,FAME,0.07301608104019824,0.11569182961959579,0.07464644083482985,0.07902309156013783,0.06700907052025866,0.0365206649186576,4.351059498524283,0
-8.216662,-19.329342,-6.2770295,16.475397,-7.607179,-1.0244881,40.096916,no-FAME,0.08452973133176889,0.10961875568558026,0.08687627683882056,0.08546994511230599,0.08358951755123177,0.06574609225206822,3.729005446618788,0
-8.216662,-19.329342,-6.2770295,16.475397,-7.607179,-1.0244881,40.096916,FAME,0.08425764887002235,0.12229173233217291,0.08235544059351091,0.1059541269351487,0.062561170804896,0.02224360069014212,4.134150389942373,0
-0.102108344,13.341954,-10.608492,0.13302402,0.4343403,-0.20932496,17.545933,no-FAME,0.07092985487240208,0.11605960420574328,0.07067531996299539,0.07569146240070526,0.06616824734409889,0.005472299855524621,4.036134195723894,0
-0.102108344,13.341954,-10.608492,0.13302402,0.4343403,-0.20932496,17.545933,FAME,0.07070069284613918,0.11290654844582465,0.07270571425520644,0.06881419790619929,0.07258718778607907,0.02590432967618996,4.407346284497003,0
-3.038054,-23.164555,-13.53092,-4.775033,-1.2798197,-0.23775178,31.947659,no-FAME,0.07387733669937402,0.12240515567982695,0.06771270606178667,0.09552771702218961,0.05222695637655843,0.05830550441180823,5.000221034938378,0
-3.038054,-23.164555,-13.53092,-4.775033,-1.2798197,-0.23775178,31.947659,FAME,0.10109438147981382,0.13194096061303295,0.09302836094638876,0.10958128522309454,0.0926074777365331,0.0470499385714079,3.878384888774079,0
12.1484165,4.5901084,-3.4447486,2.3629994,1.2453663,-15.973133,29.630678,no-FAME,0.06648835965983457,0.0996002550203979,0.06585859230141769,0.047901014570858325,0.08507570474881082,0.02798295756379716,3.478946654487919,0
12.1484165,4.5901084,-3.4447486,2.3629994,1.2453663,-15.973133,29.630678,FAME,0.07239326156292139,0.11693559408511078,0.06866322619483317,0.08766362576154779,0.057122897364294975,0.023614212836024474,3.926597030779419,0
-9.854147,-7.1882434,-0.15982157,16.471455,-0.8314269,-7.9239035,30.495607,no-FAME,0.07965930708102309,0.11634205371543171,0.08245544197719863,0.07627274725574923,0.08304586690629695,0.0335225984333445,3.8171993907307433,0
-9.854147,-7.1882434,-0.15982157,16.471455,-0.8314269,-7.9239035,30.495607,FAME,0.08153026655110093,0.12617630965812887,0.08228065975063287,0.10287763987073598,0.060182893231465875,0.02980965292340585,3.8485237524502485,0
0.21477744,-4.603572,-7.956947,-1.5644461,-1.6109952,-1.0200264,11.661642,no-FAME,0.06320972126993477,0.10960536803457002,0.06227537089907499,0.07440103698947405,0.05201840555039549,0.027114366911265595,4.076838085337168,0
0.21477744,-4.603572,-7.956947,-1.5644461,-1.6109952,-1.0200264,11.661642,FAME,0.06784648023075324,0.11369747777154907,0.06646172765304961,0.07574676366372486,0.059946196797781605,0.015200159388560624,3.8721499917798816,0
6.4166007,2.037633,-1.6897424,-17.734007,-5.19893,-4.791163,26.032513,no-FAME,0.06162384824104021,0.10469117807249513,0.0572943478718199,0.08114903626801553,0.042098660214064894,0.03196754244410213,5.740068017257976,0
6.4166007,2.037633,-1.6897424,-17.734007,-5.19893,-4.791163,26.032513,FAME,0.07459444813836097,0.11768139913744458,0.06911842346591268,0.07967727569347573,0.06951162058324621,0.015751303530236762,3.731504988677999,0
-1.4400381,-3.455723,-19.160673,-6.4161305,-8.638388,-22.827599,44.75962,no-FAME,0.0687210132332638,0.11690547008501818,0.06401766649272136,0.08693340180107835,0.05050862466544923,0.03404700770688872,3.810543005435281,0
-1.4400381,-3.455723,-19.160673,-6.4161305,-8.638388,-22.827599,44.75962,FAME,0.10451763634020791,0.13495026632315907,0.09949137494077942,0.1178925185528443,0.09114275412757152,0.04255682672684889,2.9129319888748086,0
0.62421113,-5.777582,-5.4113507,-5.2188463,-4.3028445,-5.3169103,16.544088,no-FAME,0.06370978280771808,0.10850184408525328,0.06088508079907981,0.07922695921284707,0.048192606402589086,0.03340212277242326,3.9740437777150177,0
0.62421113,-5.777582,-5.4113507,-5.2188463,-4.3028445,-5.3169103,16.544088,FAME,0.0707601310224941,0.11830076691438125,0.06682666944311334,0.0808945902526114,0.06062567179237678,0.00939670841091636,3.810371993033014,0
-10.882378,12.446746,-19.895214,-4.9614596,4.563806,-14.112505,41.508186,no-FAME,0.10040231130016958,0.14660971010751797,0.10167704278145397,0.12827433830985108,0.07253028429048809,0.03173018693382481,5.316489266684628,0
-10.882378,12.446746,-19.895214,-4.9614596,4.563806,-14.112505,41.508186,FAME,0.09547068845865872,0.13734415950687145,0.09708491161707053,0.09271741029669232,0.09822396662062512,0.018888945188615364,4.225611422463348,0
-6.6839857,2.981815,-3.5154822,21.707388,12.869114,-10.105549,35.303032,no-FAME,0.09036546059409961,0.12489684351908187,0.09329310565184008,0.06902011053812736,0.11171081065007187,0.031018520120649998,3.6033907920422554,0
-6.6839857,2.981815,-3.5154822,21.707388,12.869114,-10.105549,35.303032,FAME,0.08658483255372637,0.13677513554707132,0.08667283582062399,0.10664470476717543,0.0665249603402773,0.052272496711192364,4.732374417309819,0
-16.85477,9.885025,-5.1258993,16.597513,4.2729397,-12.288272,41.28958,no-FAME,0.09448997439553072,0.13409556381261106,0.0971328469287139,0.0977136046603359,0.09126634413072554,0.00604100021054154,3.733645497988465,0
-16.85477,9.885025,-5.1258993,16.597513,4.2729397,-12.288272,41.28958,FAME,0.09043345013631368,0.141644814977415,0.09247747898866732,0.09845718424417303,0.08240971602845434,0.043234512917964735,4.224798298920142,0
3.3328145,-13.948409,-9.213258,-0.5998305,-4.8450046,-3.8245058,23.247194,no-FAME,0.06618520468104103,0.10387403776225171,0.06418091567001277,0.0720901378176723,0.060280271544409736,0.04565293506765567,3.963412575542095,0
3.3328145,-13.948409,-9.213258,-0.5998305,-4.8450046,-3.8245058,23.247194,FAME,0.0768104001986252,0.11939066376338779,0.06896006258833802,0.09266911189599185,0.06095168850125854,0.017868743466755585,3.7328062884264024,0
15.416447,8.162337,-7.153588,-22.686094,-8.192109,-16.091232,47.84854,no-FAME,0.056066583375468756,0.10114746456124685,0.051700245327128885,0.06852853886647846,0.04360462788445906,0.021769104672725848,4.161790661789803,0
15.416447,8.162337,-7.153588,-22.686094,-8.192109,-16.091232,47.84854,FAME,0.08374581746563148,0.11407547946760073,0.07900623483401718,0.09173715488942005,0.07575448004184289,0.03206299117115154,3.09623920529001,0
-26.79801,1.8514977,-0.18076196,-5.9221325,8.380979,-0.036713213,37.124756,no-FAME,1.3309896283232294,1.7146991062571837,1.5933822042507604,1.357483739368023,1.3044955172784358,0.7641925134373336,177.77855249149005,1
-26.79801,1.8514977,-0.18076196,-5.9221325,8.380979,-0.036713213,37.124756,FAME,0.12988473108165244,0.19989655583867372,0.12744050704711232,0.11155610525832194,0.14821335690498294,0.04595248390503094,6.88621124814984,0
-1.1539142,-4.948352,-0.43446708,-10.699978,20.44049,-8.892442,29.825726,no-FAME,0.08418257299817485,0.12091619644860632,0.08511796522736159,0.10265204618595276,0.06571309981039693,0.021840483615321496,5.152015975234315,0
-1.1539142,-4.948352,-0.43446708,-10.699978,20.44049,-8.892442,29.825726,FAME,0.08348547143067858,0.119642623994077,0.08592296591731738,0.08076568787411391,0.08620525498724325,0.020967687621407882,4.249107300831792,0
2.7486923,-1.7593832,-3.090225,-10.321797,6.136054,-6.332787,18.06999,no-FAME,0.06525107072015952,0.11116890672484354,0.06443248492228476,0.08162193657397443,0.04888020486634462,0.018158116603972173,4.450803286988877,0
2.7486923,-1.7593832,-3.090225,-10.321797,6.136054,-6.332787,18.06999,FAME,0.06991358138325071,0.11498256003538244,0.06942425269040517,0.07232770090910755,0.06749946185739387,0.014012194315191606,4.026919180583002,0
2.3084745,-2.0749779,-1.9337912,-5.59344,21.004831,-9.42709,27.350092,no-FAME,0.07864680755003992,0.11476436527689628,0.07827604518418124,0.08385442504450255,0.0734391900555773,0.011177217078066865,3.9069861187651,0
2.3084745,-2.0749779,-1.9337912,-5.59344,21.004831,-9.42709,27.350092,FAME,0.07724841262604608,0.1149045274984314,0.079512714208325,0.07765265400569443,0.07684417124639772,0.025979034834905254,4.06421625094945,0
0.46440592,-2.1125453,-0.76165056,14.876703,10.121234,-20.965044,29.920853,no-FAME,0.08220693702559276,0.11888254864045736,0.08412919352372907,0.05965712599057544,0.10475674806061007,0.031578404599397966,3.4408450760982285,0
0.46440592,-2.1125453,-0.76165056,14.876703,10.121234,-20.965044,29.920853,FAME,0.08559397262614328,0.1445280272388614,0.0829201998553003,0.10674758721176592,0.06444035804052065,0.04259945813670585,4.985009024928104,0
-12.359815,9.069272,-4.673947,-16.076221,9.598543,-19.566338,43.108627,no-FAME,1.199549001187043,1.6924615846839093,1.5897923882555374,1.185015202712796,1.2140827996612904,0.6876129858232558,175.97256313764538,1
-12.359815,9.069272,-4.673947,-16.076221,9.598543,-19.566338,43.108627,FAME,0.12492662427908055,0.16152608209509986,0.12442124159896303,0.12219826176490926,0.12765498679325182,0.041459756954013556,4.716224105467065,0
-2.177755,-4.311024,-1.1800796,-5.8855195,21.764498,-8.62055,29.110008,no-FAME,0.08282439508497384,0.11961407545264993,0.08396480384458492,0.09540540506481407,0.07024338510513362,0.01459904520967502,4.24699920001289,0
-2.177755,-4.311024,-1.1800796,-5.8855195,21.764498,-8.62055,29.110008,FAME,0.08036568105879738,0.11936568017870014,0.0832886464506031,0.08022608737023934,0.08050527474735542,0.027111015334312986,4.224253223265532,0
22.058525,-2.6228323,-9.638999,-7.9690795,1.5114309,-5.2999396,33.90421,no-FAME,0.05394037774840884,0.08894197825543988,0.052286272304337744,0.03960926556843669,0.06827148992838099,0.029826550465793703,3.7169397255236376,0
22.058525,-2.6228323,-9.638999,-7.9690795,1.5114309,-5.2999396,33.90421,FAME,0.07066982188960623,0.12198400513513301,0.0633092698457681,0.08658698154349362,0.05475266223571884,0.022566877795136598,4.614824161601042,0
-0.5309163,0.09540159,-0.41126508,-19.756182,-18.37206,-4.6652246,28.057207,no-FAME,0.08555471233027992,0.13164261524370707,0.07675910106219308,0.09794790851606205,0.07316151614449777,0.06529589240082129,7.6263107113282,0
-0.5309163,0.09540159,-0.41126508,-19.756182,-18.37206,-4.6652246,28.057207,FAME,0.08999170459392486,0.12167046592168988,0.08254696665514635,0.09611377282246222,0.08386963636538748,0.04826157050579517,3.440992134191127,0
1.9816068,-10.174649,-4.3413243,-0.11279631,0.02179321,-4.5987587,15.838404,no-FAME,0.06380882264611609,0.1052213728321426,0.06336478453829056,0.06907812867047909,0.0585395166217531,0.032194736167769335,3.8342463497549804,0
1.9816068,-10.174649,-4.3413243,-0.11279631,0.02179321,-4.5987587,15.838404,FAME,0.07033042982282671,0.11265008941384098,0.06713795323739026,0.08476968932334455,0.055891170322308864,0.015212043132731794,3.714508543923211,0
-5.986698,9.336994,-8.860575,-1.0234967,-5.771436,-5.155023,22.001968,no-FAME,0.07304067247427803,0.1224848411570768,0.07276402317046848,0.09093311286301102,0.055148232085545056,0.016087379887322527,3.9990468016712204,0
-5.986698,9.336994,-8.860575,-1.0234967,-5.771436,-5.155023,22.001968,FAME,0.07325495219040765,0.12208959421665568,0.07332601344042482,0.07503889026060824,0.07147101412020705,0.01815929573285103,4.218567967802248,0
1.2742519,-4.26617,-4.7299185,-2.0715942,-17.355295,-8.396278,25.886448,no-FAME,0.06700895986175846,0.10615742494069884,0.062281187309128044,0.07732800658776902,0.0566899131357479,0.04705083361254129,3.5926189180103094,0
1.2742519,-4.26617,-4.7299185,-2.0715942,-17.355295,-8.396278,25.886448,FAME,0.09331963559197401,0.13615845984655447,0.08492412235318572,0.10804698717272264,0.07859228401122537,0.04081722566751229,3.1091647008182814,0
-9.052064,-5.5221663,-1.2522504,20.405754,3.7648072,-8.557389,33.12262,no-FAME,0.08333414080752193,0.11688970911099525,0.0866630559551381,0.0713374311619956,0.09533085045304825,0.03402804542790801,3.7520113522564693,0
-9.052064,-5.5221663,-1.2522504,20.405754,3.7648072,-8.557389,33.12262,FAME,0.08432586068654799,0.13716944969887537,0.0835612963390778,0.1093870577945241,0.059264663578571866,0.04564856422363113,4.772994902917955,0
6.476968,1.2314487,-1.0976542,-0.25225252,-1.446844,-0.35125282,8.193831,no-FAME,0.06078305047678502,0.10258872668462364,0.06021882590836804,0.05744392775175226,0.06412217320181778,0.02180055568370894,4.012166441192468,0
6.476968,1.2314487,-1.0976542,-0.25225252,-1.446844,-0.35125282,8.193831,FAME,0.06284784156795142,0.10448472438086692,0.062080358059620415,0.07347723775824301,0.05221844537765982,0.01743848501647254,3.7133213674306598,0
-8.378899,-1.124622,-0.11686802,3.1671762,3.679547,-6.4412017,16.52077,no-FAME,0.07563640677253801,0.12048118065482687,0.07768838626236227,0.08997604170077617,0.06129677184429985,0.016959029541564592,4.016995897313384,0
-8.378899,-1.124622,-0.11686802,3.1671762,3.679547,-6.4412017,16.52077,FAME,0.07531765079357515,0.12569423636590574,0.07636578478937117,0.08254437646511502,0.06809092512203528,0.026048713658769304,4.381833300618023,0
19.894466,7.321116,-17.994234,1.559984,6.0304337,-9.152447,38.87713,no-FAME,1.1219137912463928,1.5270897999532476,1.4699569325054873,1.1152374814153148,1.1285901010774708,0.8548123256486102,156.43403971248938,1
19.894466,7.321116,-17.994234,1.559984,6.0304337,-9.152447,38.87713,FAME,0.07579543857867017,0.11999185097202886,0.07231903124812783,0.08976123070004598,0.06182964645729437,0.019347065652889007,3.972692500381322,0
11.301777,-2.2026641,-4.9040656,-15.990084,-19.71851,-1.2416105,37.932655,no-FAME,0.0650717379364645,0.1033223224753924,0.057971253875767195,0.07577761911783724,0.05436585675509175,0.051925877500072035,4.891508522442372,0
11.301777,-2.2026641,-4.9040656,-15.990084,-19.71851,-1.2416105,37.932655,FAME,0.08947758278480225,0.13356836686040738,0.0758643778870581,0.1003887155735585,0.07856644999604602,0.049872529535192764,2.9954048114213854,0
11.226637,-0.3787505,-2.79674,-0.056364294,-0.010222143,-0.0052161347,11.63347,no-FAME,0.058914813763513874,0.09573985271610488,0.05844687841428402,0.0480730290941105,0.06975659843291725,0.02737482203299451,3.8594238325429333,0
11.226637,-0.3787505,-2.79674,-0.056364294,-0.010222143,-0.0052161347,11.63347,FAME,0.06361342198918951,0.10068692055719716,0.06253818112818627,0.07618707227028612,0.051039771708092915,0.019747692350193816,3.4764321177015556,0
3.033772,11.715557,-13.773988,-7.3557534,-25.363632,-3.9321756,45.035103,no-FAME,0.0620161686543415,0.10868863494240731,0.055750214150833255,0.07679047993283075,0.04724185737585225,0.037891482215488846,4.09445210550216,0
3.033772,11.715557,-13.773988,-7.3557534,-25.363632,-3.9321756,45.035103,FAME,0.10268920100951268,0.1383981338869977,0.09073454394019938,0.1130021822281484,0.09237621979087696,0.05797872926549508,2.9359725646500663,0
-10.521577,15.290241,-7.2443714,-5.486428,5.351313,-6.4886556,29.966171,no-FAME,0.10343669636985271,0.14794298871371647,0.10783068300744156,0.13284343597620676,0.07402995676349866,0.03414259988809157,5.835789590772337,0
-10.521577,15.290241,-7.2443714,-5.486428,5.351313,-6.4886556,29.966171,FAME,0.09072592569399529,0.13308070924956084,0.09192203966226187,0.08417280784448766,0.09727904354350292,0.027849275172097888,4.776519019855266,0
-5.6731973,-12.247906,-14.497318,-7.732973,-6.380064,-15.544856,38.305504,no-FAME,0.07376288715064505,0.12555034965745174,0.06694938236979334,0.09907949681216918,0.048446277489120906,0.04851279311934486,5.7331788198120766,0
-5.6731973,-12.247906,-14.497318,-7.732973,-6.380064,-15.544856,38.305504,FAME,0.09514969335975337,0.12624550664866907,0.09123514298667659,0.10554167653492802,0.08475771018457871,0.034527084092894636,3.3854817544985565,0
0.3106046,-1.6313777,-1.9255663,-26.682545,-3.569945,-7.9612036,30.615593,no-FAME,1.2569017075232707,1.7352184125482244,1.6668016907104528,1.2243526667567117,1.2894507482898294,0.739163846756289,172.05124838858353,1
0.3106046,-1.6313777,-1.9255663,-26.682545,-3.569945,-7.9612036,30.615593,FAME,0.11121865040029977,0.152295830152844,0.1023989251418434,0.11066514506290968,0.11177215573768987,0.056458039057636106,4.54329436418105,0
14.555115,6.5408826,-7.0791974,-0.41700596,-1.7604713,-0.3765491,19.305033,no-FAME,0.05981066965991766,0.09582265961443164,0.058661541092895696,0.04454067953601714,0.07508065978381817,0.02787638177514006,3.864937552811391,0
14.555115,6.5408826,-7.0791974,-0.41700596,-1.7604713,-0.3765491,19.305033,FAME,0.06342964356064407,0.10074444850531236,0.06259435322185458,0.07443595766488482,0.05242332945640331,0.016452372233179753,3.4907499264767368,0
8.535668,15.895851,-12.723579,4.4500647,-3.5751176,-15.329274,38.43531,no-FAME,0.07242000355436262,0.10890317362712962,0.07125746626942671,0.05676501933613017,0.08807498777259506,0.025296926461771563,3.787931444420775,0
8.535668,15.895851,-12.723579,4.4500647,-3.5751176,-15.329274,38.43531,FAME,0.07384482598558613,0.11441198340503535,0.07399216956020438,0.08220619483339506,0.0654834571377772,0.011059294720476015,3.1551857090195847,0
-10.824718,16.913233,-12.899775,-4.153019,-1.7592553,-4.909176,30.533577,no-FAME,0.09459959811578811,0.14385688483725545,0.09583246837836133,0.12341377583878893,0.06578542039278729,0.029015621153052853,5.777870224290721,0
-10.824718,16.913233,-12.899775,-4.153019,-1.7592553,-4.909176,30.533577,FAME,0.08733663727459481,0.1321100430846349,0.08760584030750308,0.08341263141606983,0.09126064313311978,0.02302714269709398,4.518457131935213,0
2.4886236,12.760668,-11.946021,-19.547634,-7.8314276,-0.6285603,38.72345,no-FAME,0.07236036936782489,0.11890774602070765,0.07028533890486952,0.09824887490003333,0.04647186383561645,0.034493091260554345,6.793594365210919,0
2.4886236,12.760668,-11.946021,-19.547634,-7.8314276,-0.6285603,38.72345,FAME,0.08161211775620789,0.11890618360347766,0.07960376344803954,0.0810729369964278,0.08215129851598797,0.02460783522784772,3.965441711297017,0
-3.371322,-1.9749851,-0.27930838,-23.949728,-3.5694962,-3.9513776,28.451744,no-FAME,1.3169792046432311,1.732029699000209,1.6646073749760428,1.2867603442026811,1.3471980650837811,0.7719182294866066,172.44167321373413,1
-3.371322,-1.9749851,-0.27930838,-23.949728,-3.5694962,-3.9513776,28.451744,FAME,0.10343376880959074,0.14165280117030438,0.09599293912305154,0.1026354037939623,0.10423213382521919,0.04619652457960922,4.190048939987922,0
-1.4817352,-0.9068463,-1.814742,2.660854,6.5405025,-2.171771,9.899693,no-FAME,0.07091067594924222,0.11343082979551901,0.0715338050846086,0.07447866441260934,0.06734268748587512,0.013314204365339966,4.011394185638511,0
-1.4817352,-0.9068463,-1.814742,2.660854,6.5405025,-2.171771,9.899693,FAME,0.06923585074300248,0.11276326004919908,0.0705465946524292,0.0754893295464879,0.06298237193951707,0.028741125165142677,4.256160088702411,0
-4.8618855,-7.8738413,-2.8795853,-12.04872,-22.795795,-0.8104572,35.48845,no-FAME,0.08896801094802871,0.13895125595015853,0.08294183615265116,0.10379622462971261,0.07413979726634481,0.07386177381288736,7.451259246049445,0
-4.8618855,-7.8738413,-2.8795853,-12.04872,-22.795795,-0.8104572,35.48845,FAME,0.09164611498197389,0.1252264049681721,0.08180539432937148,0.09922062532712381,0.08407160463682398,0.05309482201402954,3.3890708630224404,0
23.243029,-14.04849,-6.0605597,0.3178428,-5.17301,-1.211169,33.14917,no-FAME,0.9836021948386382,1.7219016692003946,1.4875500070940348,0.974492638805739,0.9927117508715374,0.7758964043328612,153.21175565864698,1
23.243029,-14.04849,-6.0605597,0.3178428,-5.17301,-1.211169,33.14917,FAME,0.07226994597110765,0.15472760668596044,0.05796846138523554,0.09671858651973238,0.04782130542248293,0.034894862061625016,7.398263112897726,0
-10.397658,9.506814,-1.5936701,-11.936465,6.2670555,-5.066287,28.580694,no-FAME,0.11266003660408494,0.16689824793603678,0.11891387630332734,0.14920258254059118,0.0761174906675787,0.04738522714072882,7.487008878742425,0
-10.397658,9.506814,-1.5936701,-11.936465,6.2670555,-5.066287,28.580694,FAME,0.09962670681930558,0.13264030436399804,0.10028842255169469,0.09191218229561637,0.10734123134299478,0.029672187045494423,5.065944975394291,0
21.761686,-14.9541855,-4.9484873,0.8503379,-3.7294202,-0.93806314,30.802696,no-FAME,0.06372804545037583,0.09744232858204832,0.06447101445994793,0.04541482481557104,0.08204126608518063,0.04951324176639162,3.682039399686106,0
21.761686,-14.9541855,-4.9484873,0.8503379,-3.7294202,-0.93806314,30.802696,FAME,0.07230156837442812,0.15248040186272308,0.058084732058149166,0.09488261223348768,0.04972052451536857,0.03167965917285501,7.379232864082932,0
7.4938035,-6.083604,-9.849042,-0.57952994,-5.557064,-7.341189,23.01575,no-FAME,0.06014950282042568,0.09923211727377328,0.06013618454972645,0.05651344879257219,0.06378555684827918,0.03384754467518543,3.6571860078751706,0
7.4938035,-6.083604,-9.849042,-0.57952994,-5.557064,-7.341189,23.01575,FAME,0.07126989267026285,0.1120784117951519,0.06570904754765675,0.08558566463709064,0.05695412070343507,0.013789202759694525,3.324147868313921,0
-11.270833,16.600834,-10.514926,-3.7174153,9.555023,-4.5668583,33.87735,no-FAME,0.11371129518426656,0.15632866418875332,0.11736380879283478,0.14189323461872413,0.08552935574980898,0.038397471846268516,5.505093421035789,0
-11.270833,16.600834,-10.514926,-3.7174153,9.555023,-4.5668583,33.87735,FAME,0.09405142256628393,0.1341283801091929,0.09544156138931406,0.08452702728091599,0.10357581785165187,0.03283324817198782,4.802183445640851,0
7.230784,-8.813364,-9.047316,-3.8567913,19.854935,-5.0954075,35.411823,no-FAME,0.067274979082086,0.10595775549192649,0.06682121584316493,0.06366741478641826,0.07088254337775375,0.00981823868513262,3.8990238295144097,0
7.230784,-8.813364,-9.047316,-3.8567913,19.854935,-5.0954075,35.411823,FAME,0.07513395410660206,0.11110038390952116,0.07676073239700923,0.07959944825344503,0.07066845995975911,0.020968961542740843,4.060854092465169,0
-19.500303,8.028854,-2.7034554,1.2993493,1.7992481,-9.242781,30.766571,no-FAME,0.10288251054533722,0.15537985237881427,0.10744804880400836,0.13756789200123629,0.06819712908943815,0.033108658992429936,6.682811436946327,0
-19.500303,8.028854,-2.7034554,1.2993493,1.7992481,-9.242781,30.766571,FAME,0.09525491560453728,0.14155555576822781,0.10018019607162615,0.09139459653482095,0.0991152346742536,0.02701219935111741,4.748655048367818,0
3.292575,-0.96182996,-8.875599,-5.8870792,-14.454168,-2.9833896,25.405039,no-FAME,0.06195641317222696,0.10445362898283889,0.05707956179580472,0.07543190953390215,0.048480916810551763,0.03890620200330773,4.08852082158763,0
3.292575,-0.96182996,-8.875599,-5.8870792,-14.454168,-2.9833896,25.405039,FAME,0.07556480728208731,0.11588302062383095,0.06764359202132947,0.08746316401531226,0.06366645054886237,0.021952050745590874,3.2236390928552683,0
-22.60856,5.464671,-13.102081,-19.28342,-1.5617895,-2.7398348,46.235565,no-FAME,1.3896500997831134,1.6895614324895583,1.607149380293323,1.355775424371526,1.4235247751947009,0.7905007062917165,178.65417794457574,1
-22.60856,5.464671,-13.102081,-19.28342,-1.5617895,-2.7398348,46.235565,FAME,0.14871415797826587,0.19861756219776874,0.14340287760154896,0.14135141430643555,0.15607690165009616,0.06161495533690077,8.08212003663301,0
4.7839494,6.3096147,-0.91830826,-1.3102643,-1.2517854,-23.502302,31.5433,no-FAME,0.06779710570533737,0.10774377221257665,0.06681269783479836,0.06387250828958396,0.07172170312109079,0.01268429935107318,3.5013055543079483,0
4.7839494,6.3096147,-0.91830826,-1.3102643,-1.2517854,-23.502302,31.5433,FAME,0.08147134378876683,0.12645629690031232,0.07976124185150513,0.09758627009413356,0.06535641748340008,0.017688372956803367,3.0518021144761036,0
-0.119813524,0.11132965,-0.087110974,-5.648161,-3.560134,-5.74213,8.991457,no-FAME,0.0638787421147801,0.11197340438686307,0.06261744372956352,0.07982521413838777,0.04793227009117244,0.024987519335068927,4.098326530229414,0
-0.119813524,0.11132965,-0.087110974,-5.648161,-3.560134,-5.74213,8.991457,FAME,0.07051040387181848,0.11664817523158384,0.06822229968453651,0.0786590239832382,0.062361783760398755,0.008201358519053738,3.9411321136785196,0
-2.9998083,21.13853,-3.497963,0.40924004,0.64198333,-1.5093421,23.325457,no-FAME,0.08080992889878075,0.12372841833366195,0.07968718293706006,0.08977523285265986,0.07184462494490164,0.012572806098002145,4.168207309714594,0
-2.9998083,21.13853,-3.497963,0.40924004,0.64198333,-1.5093421,23.325457,FAME,0.07471255488589341,0.1191181802233447,0.07670030772720277,0.07196595409019656,0.07745915568159027,0.02634881987796089,4.390226728082138,0
-14.659477,-2.0094833,-13.895177,-5.006389,2.1646204,-4.5634203,27.409697,no-FAME,0.08633335314242328,0.1410914653588146,0.08918325046602919,0.12237816007328982,0.05028854621155674,0.036051266526530776,7.1095773034481935,0
-14.659477,-2.0094833,-13.895177,-5.006389,2.1646204,-4.5634203,27.409697,FAME,0.09078279309046136,0.13549105501345243,0.09051102195637961,0.09020453810367812,0.09136104807724461,0.0204646911699504,4.594671657851873,0
-7.8847995,16.4115,-7.540566,-3.1868713,4.6157928,-15.388001,36.085453,no-FAME,0.09610303460585784,0.13580721462978879,0.09543615538468989,0.11433897569786555,0.07786709351385011,0.02709033636975596,4.138815456855477,0
-7.8847995,16.4115,-7.540566,-3.1868713,4.6157928,-15.388001,36.085453,FAME,0.08772879782810841,0.1345932672502431,0.08886409178819649,0.08497943337400699,0.09047816228220984,0.025732953885994822,4.332290595409834,0
17.739243,10.119577,-2.8633611,-14.719285,-1.7839371,-21.75881,46.952766,no-FAME,0.05796344064323293,0.09724597789369772,0.053701144442260026,0.055696160344714314,0.060230720941751546,0.013587032741819995,3.688572105546705,0
17.739243,10.119577,-2.8633611,-14.719285,-1.7839371,-21.75881,46.952766,FAME,0.0784493907534613,0.11398224664663217,0.07523107983883327,0.09059095556213391,0.06630782594478868,0.024750637239288182,2.7903611272195397,0
8.286324,-11.501563,-10.410862,-18.792145,4.5676203,-3.8885593,37.314274,no-FAME,0.061355344593712426,0.10281721417350757,0.05611348255271213,0.08026878713375549,0.042441902053669364,0.0362302330495105,5.421467484928325,0
8.286324,-11.501563,-10.410862,-18.792145,4.5676203,-3.8885593,37.314274,FAME,0.08517448530785798,0.12053883366368581,0.07977125198058414,0.08965591020473643,0.08069306041097954,0.02267079105266138,3.758615454704595,0
-0.23755565,-2.0234046,-2.7945867,-14.960508,2.4880166,-10.09464,21.676733,no-FAME,0.06996504696131509,0.11685096285428229,0.06828052046021796,0.09468357725068709,0.04524651667194307,0.03200968337317248,6.319773791450896,0
-0.23755565,-2.0234046,-2.7945867,-14.960508,2.4880166,-10.09464,21.676733,FAME,0.07808488752356638,0.12409208282803835,0.07625815942718103,0.08148949039648355,0.07468028465064921,0.011850438874277345,4.096001877425746,0
8.9017315,6.46525,-16.793152,-0.8666305,0.36104682,-0.16472729,21.029284,no-FAME,0.0625343190209338,0.1053353995309711,0.061250341857591845,0.055242684792023454,0.06982595324984414,0.01837624135500957,3.9568781163225943,0
8.9017315,6.46525,-16.793152,-0.8666305,0.36104682,-0.16472729,21.029284,FAME,0.06935545872692386,0.10798342480076341,0.07023288546463631,0.07489436865265825,0.06381654880118946,0.014217195055205233,3.789528614782629,0
0.12137416,0.14414804,-0.060631026,-8.181396,10.234296,-7.1805677,15.139061,no-FAME,0.07238467992809339,0.11599029597089097,0.07244674652193606,0.08786563742896049,0.05690372242722629,0.01456175964319492,4.327563963299233,0
0.12137416,0.14414804,-0.060631026,-8.181396,10.234296,-7.1805677,15.139061,FAME,0.07239617181155805,0.11594357486552612,0.07313420909208326,0.07374367211596164,0.07104867150715445,0.020185582841667576,4.237807415791141,0
1.0193058,5.3870735,-0.16977209,-6.5905724,-4.496003,-5.907344,15.41234,no-FAME,0.06306107015716467,0.1112158354357866,0.062282840393332414,0.07785374216202758,0.048268398152301745,0.0200352312606771,4.046116748032747,0
1.0193058,5.3870735,-0.16977209,-6.5905724,-4.496003,-5.907344,15.41234,FAME,0.06585119900212599,0.1127440606848984,0.06445567990572336,0.07222308786304635,0.059479310141205624,0.009071092509655898,3.811475620545113,0
