Fx_L,Fy_L,Fz_L,Fx_R,Fy_R,Fz_R,load_mag,ok_rma,tfall_rma,ok_noforce,tfall_noforce
5.4784675,-6.227601,-81.705666,12.87168,-5.561143,-99.38232,181.08798217773438,0.0,2.5580000000000003,0.0,1.258
-9.208531,-2.7880507,-3.698086,3.3993073,3.0763056,-27.88342,31.581506729125977,1.0,6.0,1.0,6.0
-18.36106,18.642483,-19.908297,-0.9364631,1.1128031,-32.339554,52.24784851074219,1.0,6.0,1.0,6.0
-19.338894,2.4892738,-51.87395,-9.753999,-5.7860327,-34.309856,86.18380737304688,0.0,4.5920000000000005,1.0,6.0
12.530809,-9.645416,-18.646593,-17.093666,5.496839,-31.2585,49.90509033203125,1.0,6.0,1.0,6.0
16.510223,-10.332972,-39.71511,-19.284344,7.030698,-41.373577,81.08868408203125,1.0,6.0,1.0,6.0
4.265431,15.524733,-34.487892,3.1988072,2.331158,-88.47211,122.95999908447266,1.0,6.0,1.0,6.0
9.179862,-10.965223,-8.630923,-12.355589,-4.5082035,-33.079628,41.71055221557617,1.0,6.0,1.0,6.0
1.7449996,-15.017812,-93.47296,19.021318,4.9561114,-99.34015,192.8131103515625,0.0,1.268,0.0,1.156
17.402897,-8.46677,-16.501179,-15.700911,3.6761112,-81.71571,98.21688842773438,1.0,6.0,1.0,6.0
12.634142,3.4449227,-61.818523,-1.9164485,-6.387046,-57.91216,119.73068237304688,1.0,6.0,1.0,6.0
-19.89046,2.16362,-67.44544,-4.2136083,-7.8719597,-62.163063,129.60850524902344,0.0,2.984,1.0,6.0
14.296171,12.388431,-0.5973229,-10.7075405,1.8299552,-88.103485,88.7008056640625,1.0,6.0,1.0,6.0
-18.656576,2.419038,-21.880949,9.950229,4.4936695,-57.30424,79.18518829345703,1.0,6.0,1.0,6.0
9.186218,-8.463151,-51.446487,5.7481904,4.4319377,-37.638275,89.08476257324219,1.0,6.0,1.0,6.0
-12.973775,-3.4841464,-57.73716,9.030308,-4.6864796,-62.25366,119.99081420898438,1.0,6.0,1.0,6.0
14.527157,12.724839,-12.247109,-16.687656,2.6309562,-29.150051,41.397159576416016,1.0,6.0,1.0,6.0
1.6584488,5.0602584,-91.31851,-5.8902636,19.430786,-76.90779,168.22630310058594,0.0,1.502,1.0,6.0
-8.011524,18.363106,-29.158125,0.793323,-2.8790193,-85.61747,114.77559661865234,0.0,4.47,1.0,6.0
-3.0925112,-5.2238235,-21.084538,-2.9311543,13.720589,-25.110016,46.19455337524414,1.0,6.0,1.0,6.0
-18.867212,2.1044605,-20.080362,-18.375298,-16.747053,-33.127186,53.207550048828125,1.0,6.0,0.0,1.61
-15.028669,3.756968,-67.771324,-12.238902,15.0091305,-57.06293,124.83425903320312,0.0,2.816,0.0,3.616
6.8249764,13.931648,-20.336082,17.800985,17.668245,-86.32327,106.65935516357422,1.0,6.0,0.0,1.29
5.8875804,-14.181059,-77.467155,-13.497211,-9.525439,-33.631626,111.09878540039062,1.0,6.0,1.0,6.0
4.6154046,-3.7395866,-63.769203,14.082093,-19.515944,-25.004425,88.77362823486328,1.0,6.0,0.0,1.942
-4.652898,16.39836,-58.255188,12.885487,-0.6796635,-83.605736,141.86093139648438,0.0,2.714,0.0,2.628
19.888397,-18.277325,-45.859,-4.34825,-12.691509,-31.069826,76.92882537841797,1.0,6.0,0.0,2.23
19.233414,12.908251,-88.73863,-1.3286592,18.86525,-64.436295,153.1749267578125,0.0,1.844,0.0,1.27
7.4216795,-3.3846385,-59.30522,12.9600725,15.907937,-8.488138,67.7933578491211,1.0,6.0,1.0,6.0
6.018371,13.19216,-99.96993,7.227453,18.426596,-24.846031,124.81596374511719,0.0,1.6540000000000001,0.0,1.518
7.5378695,-19.601818,-25.561928,13.47775,4.154786,-72.626884,98.18881225585938,1.0,6.0,0.0,1.564
-4.443143,-5.398154,-14.812408,10.303864,0.6064147,-6.197368,21.009777069091797,1.0,6.0,1.0,6.0
-14.59614,-16.8548,-86.106834,7.6508594,13.308714,-97.47672,183.58355712890625,0.0,1.564,1.0,6.0
8.859533,6.1045833,-29.621424,16.518965,6.093959,-81.5176,111.13902282714844,1.0,6.0,0.0,1.322
1.0141729,-9.046036,-17.88969,12.912285,-10.057693,-75.8097,93.69938659667969,1.0,6.0,0.0,1.972
-7.590325,8.106083,-1.8171678,-12.837493,17.37144,-26.791992,28.609159469604492,1.0,6.0,1.0,6.0
-0.56658566,17.752058,-15.620944,9.928971,-2.412022,-47.383198,63.00414276123047,1.0,6.0,1.0,6.0
15.579514,-14.927316,-57.58935,-16.532747,10.942249,-53.562458,111.15180969238281,1.0,6.0,1.0,6.0
17.36174,14.591132,-2.0311291,-2.9657505,0.037518278,-77.746666,79.77779388427734,1.0,6.0,1.0,6.0
-5.6881924,-17.621433,-2.6015594,-4.1299243,-12.6657505,-24.353289,26.95484733581543,1.0,6.0,1.0,6.0
2.8611932,-4.76918,-49.6323,-11.913277,-8.162926,-88.28936,137.92166137695312,0.0,4.506,1.0,6.0
-7.1252246,-2.8090374,-24.655346,17.516205,2.9764307,-75.26588,99.92121887207031,1.0,6.0,1.0,6.0
3.7720013,-0.44601813,-8.616233,-16.208933,-14.279917,-19.363968,27.980201721191406,1.0,6.0,1.0,6.0
-6.483551,19.058493,-52.385292,-19.804024,-19.450485,-54.895252,107.28054809570312,1.0,6.0,1.0,6.0
-4.33524,11.027648,-13.621376,-7.083168,-2.644351,-12.318227,25.93960189819336,1.0,6.0,1.0,6.0
15.610974,-7.6457057,-29.843143,19.62979,10.487886,-39.83359,69.6767349243164,1.0,6.0,0.0,1.298
-10.913696,-9.206529,-70.607574,-9.412195,4.566291,-21.045536,91.65310668945312,1.0,6.0,1.0,6.0
4.927486,14.524808,-23.234774,13.227771,-7.034145,-81.259674,104.49444580078125,1.0,6.0,0.0,1.774
-16.639387,15.252287,-42.931522,-13.075455,8.689637,-68.377815,111.30934143066406,0.0,2.638,0.0,2.94
13.305766,0.4282602,-90.615486,3.4551342,-0.6194147,-62.329395,152.94488525390625,0.0,2.262,0.0,1.466
11.4839325,-6.228171,-60.861958,18.336374,19.980055,-50.58008,111.44203186035156,1.0,6.0,0.0,1.206
-10.425222,19.796694,-92.6259,8.660529,11.041266,-52.753296,145.3791961669922,0.0,1.512,1.0,6.0
15.059369,-7.362258,-52.383305,19.22032,13.225258,-17.753384,70.13668823242188,1.0,6.0,0.0,1.306
-17.657278,-12.6915045,-57.146038,2.982266,-9.618044,-82.68095,139.8269805908203,0.0,3.868,1.0,6.0
-6.5553174,15.203925,-57.626255,19.333387,-13.908201,-14.851409,72.4776611328125,1.0,6.0,1.0,6.0
-13.988821,12.493416,-41.369965,13.481881,-12.027843,-11.09537,52.465335845947266,1.0,6.0,1.0,6.0
-1.9864253,6.715576,-87.730934,11.129929,-2.7094014,-92.4481,180.1790313720703,0.0,1.8,0.0,1.566
11.852971,18.336546,-6.623109,15.539596,0.48596478,-99.06097,105.68407440185547,1.0,6.0,0.0,1.27
-10.774312,17.028584,-31.594955,5.2596607,-12.215626,-70.7247,102.31965637207031,1.0,6.0,1.0,6.0
-17.919147,9.92994,-17.621864,-5.745418,11.197791,-59.92552,77.5473861694336,0.0,4.926,1.0,6.0
-3.8179264,14.428057,-10.319877,1.1312976,14.7372465,-2.9550593,13.274935722351074,1.0,6.0,1.0,6.0
-12.059478,-10.11413,-41.667995,-10.939984,-7.3598003,-92.85914,134.52713012695312,0.0,3.746,1.0,6.0
-16.369879,-14.350138,-95.97818,11.101765,0.32256788,-21.869474,117.84765625,0.0,2.81,1.0,6.0
3.2132955,6.802474,-28.851318,-13.19686,3.7749841,-52.457504,81.30882263183594,1.0,6.0,1.0,6.0
-8.052155,8.584742,-43.097416,3.087918,8.895127,-87.01265,130.1100616455078,0.0,3.376,1.0,6.0
6.879795,-13.317883,-17.404278,1.4359572,-14.101102,-63.391968,80.79624938964844,1.0,6.0,1.0,6.0
-12.019382,-4.177709,-46.78395,6.876112,-8.765158,-61.90986,108.69380950927734,1.0,6.0,1.0,6.0
17.684525,16.41023,-18.67559,10.419464,9.22824,-75.64275,94.31834411621094,1.0,6.0,0.0,1.292
-5.395593,2.4560306,-0.2989707,-15.606885,2.7276926,-70.56362,70.86259460449219,1.0,6.0,1.0,6.0
-15.780189,3.1334367,-64.94452,4.9976387,15.997831,-58.008118,122.95263671875,0.0,3.576,1.0,6.0
5.164326,-12.234809,-82.89786,-3.4417646,-2.0856655,-3.7738605,86.67171478271484,0.0,5.1160000000000005,1.0,6.0
17.086182,1.04089,-60.83252,4.5680575,-3.7354863,-54.113945,114.94646453857422,1.0,6.0,0.0,1.532
-2.384914,0.9373891,-24.695002,7.759382,-7.7397113,-4.986499,29.681499481201172,1.0,6.0,1.0,6.0
18.18362,-16.442574,-56.077106,3.4191835,-10.745097,-96.94679,153.02389526367188,1.0,6.0,0.0,1.304
-0.0041674525,19.277708,-41.161987,9.315443,6.0306535,-93.38898,134.55096435546875,0.0,2.66,0.0,1.926
-2.990855,2.855824,-87.26415,0.8010103,-9.4125595,-97.21841,184.48255920410156,0.0,1.776,1.0,6.0
4.808538,-19.743645,-27.38765,-1.4852877,14.491021,-33.405537,60.79318618774414,1.0,6.0,1.0,6.0
19.80386,10.905968,-71.99176,-8.529245,-9.174065,-77.97673,149.96849060058594,1.0,6.0,0.0,2.244
17.957747,19.130629,-80.93825,-10.833933,6.9343853,-42.357983,123.29623413085938,1.0,6.0,1.0,6.0
-1.5981945,3.5948012,-13.705,7.812084,2.7273657,-20.463387,34.16838836669922,1.0,6.0,1.0,6.0
10.309154,-7.2127347,-43.55872,7.828454,5.138352,-66.81861,110.37733459472656,1.0,6.0,0.0,1.826
-0.10309218,-12.499691,-51.550106,-12.180699,15.816671,-75.43225,126.98236083984375,0.0,4.662,1.0,6.0
1.1724864,6.9010653,-10.117623,18.873497,-13.200462,-27.45914,37.57676315307617,1.0,6.0,1.0,6.0
11.431428,-12.195704,-91.39876,6.846031,-14.007379,-52.41022,143.80897521972656,0.0,1.476,0.0,1.498
-3.413766,3.1075158,-30.384556,1.248645,-15.123911,-85.07899,115.46354675292969,1.0,6.0,1.0,6.0
9.379343,4.089567,-67.201775,13.647014,-16.94244,-91.255486,158.45726013183594,1.0,6.0,0.0,1.254
8.445715,18.496923,-82.45902,-0.53918266,1.369241,-26.28325,108.74227142333984,0.0,3.188,1.0,6.0
17.282387,-17.10939,-32.520134,-0.9622052,-13.370754,-13.958767,46.47890090942383,1.0,6.0,1.0,6.0
-15.402695,-0.0010870537,-63.717804,-9.669024,12.286717,-10.963792,74.68159484863281,0.0,5.32,1.0,6.0
9.1606045,9.763899,-67.010414,-13.7545805,-19.09558,-48.9911,116.00151062011719,1.0,6.0,1.0,6.0
17.096956,-12.910931,-5.6322236,8.464823,-5.0157213,-84.65454,90.2867660522461,1.0,6.0,0.0,1.4020000000000001
18.717047,-4.4773307,-80.07017,13.764439,-1.0718411,-77.43426,157.50442504882812,0.0,1.35,0.0,1.074
-19.411747,-17.48418,-48.782635,7.1119514,-11.338868,-54.64761,103.43024444580078,1.0,6.0,1.0,6.0
14.545604,9.035234,-97.59868,-5.2471395,-5.763751,-14.814262,112.4129409790039,0.0,1.484,1.0,6.0
19.2478,-16.489285,-83.66319,3.0288837,-11.088343,-34.98026,118.64344787597656,0.0,3.258,0.0,1.494
18.288406,-4.1963315,-11.658127,2.536499,-8.726875,-72.57931,84.23743438720703,1.0,6.0,0.0,1.688
-14.049439,14.940906,-21.075245,17.462643,17.074842,-24.406136,45.481380462646484,1.0,6.0,1.0,6.0
18.905153,-1.1079866,-44.316452,-4.4930315,-3.3129854,-56.455982,100.77243041992188,1.0,6.0,1.0,6.0
15.597423,16.504877,-77.75466,-13.408694,-4.5654025,-1.7236055,79.47826385498047,1.0,6.0,1.0,6.0
12.894953,10.636684,-44.225243,15.077315,4.446978,-57.127285,101.35252380371094,1.0,6.0,0.0,1.296
-0.80048305,16.612959,-98.78535,15.78914,6.5656743,-16.280365,115.06571197509766,0.0,1.604,0.0,1.668
-10.705083,-14.903879,-28.700638,-18.069376,6.411062,-98.54584,127.24647521972656,0.0,2.2800000000000002,1.0,6.0
12.075223,-17.057484,-28.324932,-12.071039,-16.609642,-28.177874,56.5028076171875,1.0,6.0,1.0,6.0
16.941206,-17.18695,-35.395496,5.451346,3.2761033,-60.152157,95.54765319824219,1.0,6.0,0.0,1.606
-9.354789,14.754171,-38.86613,11.553806,9.436944,-50.099068,88.96519470214844,1.0,6.0,1.0,6.0
1.5573763,5.362799,-92.62836,4.2677,11.822735,-80.11742,172.7457733154297,0.0,1.608,0.0,2.016
-2.289887,-0.13713224,-75.359406,-12.336432,3.5413702,-7.0488486,82.40825653076172,1.0,6.0,1.0,6.0
17.240692,-13.458263,-42.562195,-15.294337,-14.777078,-80.0355,122.59769439697266,1.0,6.0,1.0,6.0
-18.379572,6.9493375,-60.58132,0.23890536,-16.650387,-43.84133,104.42265319824219,1.0,6.0,1.0,6.0
9.280248,-7.2793045,-0.79767716,12.620417,-7.0778522,-40.265438,41.063114166259766,1.0,6.0,0.0,1.868
4.5749297,8.435195,-7.6254644,-11.317313,17.102352,-14.155657,21.78112030029297,1.0,6.0,1.0,6.0
-18.865385,-1.5857868,-84.79921,-16.994692,-1.0952989,-53.333347,138.13255310058594,0.0,1.792,0.0,2.248
8.768791,0.29879442,-41.00394,2.0417998,15.818956,-17.010872,58.01481246948242,1.0,6.0,1.0,6.0
-19.36033,11.586629,-30.378489,-12.327314,-1.6130018,-47.610344,77.98883056640625,0.0,3.8120000000000003,1.0,6.0
10.31804,-16.29018,-86.34566,-17.303051,10.204724,-4.366534,90.71218872070312,0.0,5.034,1.0,6.0
0.5103489,3.15034,-68.74043,10.930584,-0.59491295,-28.339216,97.07965087890625,1.0,6.0,1.0,6.0
17.16417,-12.110602,-28.408215,12.849064,8.34809,-8.789474,37.197689056396484,1.0,6.0,0.0,1.756
-17.3567,12.32547,-9.889191,-4.066578,-7.312829,-5.7639465,15.65313720703125,1.0,6.0,1.0,6.0
13.652691,-0.44615856,-65.82574,-8.236945,15.59461,-19.775385,85.60111999511719,1.0,6.0,1.0,6.0
-17.3324,19.547813,-76.10563,-8.915164,-9.371677,-87.763245,163.86886596679688,0.0,1.802,1.0,6.0
