Fx_L,Fy_L,Fz_L,Fx_R,Fy_R,Fz_R,load_mag,ok_blind,tfall_blind,ok_clipped,tfall_clipped
4.0133047,-4.2167835,-20.442272,-2.957268,-6.108313,-7.596839,31.441689,1,6.0,1,6.0
1.1099097,-5.6677213,-3.8259048,2.8800275,-20.813095,-17.844276,34.493904,1,6.0,1,6.0
3.1994157,2.3237007,-1.7266423,-1.2414217,17.410301,-12.332517,25.686485,1,6.0,1,6.0
-20.146206,-9.922873,-0.65793234,-9.893083,-1.4126623,-0.077838324,32.46073,0,1.82,1,6.0
-17.622463,-1.6583213,-9.443324,-17.69045,10.691517,-18.711477,47.94338,0,1.6440000000000001,1,6.0
-9.767958,-7.2600517,-4.219233,0.83903724,9.094497,-3.3561924,22.611378,1,6.0,1,6.0
1.4970345,3.7914548,-0.46746007,7.116005,-5.5869746,-3.2071383,13.701849,1,6.0,1,6.0
17.441574,-8.4905615,-4.4866834,-0.5281983,0.70968944,-0.11202364,20.802252,1,6.0,1,6.0
17.316647,1.8019164,-14.250513,13.867765,-14.726775,-5.740394,43.525917,0,1.672,1,6.0
-4.3075256,-2.1391034,-1.0290443,-2.3159044,-1.380208,-1.7970864,8.158326,1,6.0,1,6.0
-20.01181,-4.146104,-3.1560254,-1.3699309,-0.19601138,-0.46578726,22.139221,1,6.0,1,6.0
8.463112,3.3589704,-5.5608463,-10.375896,3.500667,-16.354465,30.351147,1,6.0,1,6.0
-17.443483,-3.4579601,-20.91567,-28.953243,0.028515209,-2.3768709,56.50421,0,1.336,1,6.0
13.624637,-11.486509,-13.811592,1.9065918,-0.2599574,-0.063768744,24.47148,1,6.0,1,6.0
7.0015926,4.0645843,-1.3757666,-16.688892,0.36546725,-15.523456,31.007338,1,6.0,1,6.0
-3.5865154,16.657642,-22.395622,6.707172,-1.3424499,-0.51839256,35.000603,1,6.0,1,6.0
0.6037198,0.44068536,-0.11975657,-16.61932,14.988834,-12.910583,26.593973,1,6.0,1,6.0
-4.8720737,-0.017959556,-2.6469793,0.13139714,0.3397145,-0.008010104,5.909049,1,6.0,1,6.0
-6.6099863,2.0271885,-2.2054317,5.5089545,-0.5668607,-1.8040584,13.081567,1,6.0,1,6.0
10.026621,-17.057432,-9.531945,13.39336,9.699999,-24.131834,51.21676,0,2.38,1,6.0
-3.217573,-8.624242,-12.823307,-8.504073,1.1452762,-14.977846,33.046757,1,6.0,1,6.0
-10.647525,7.0631914,-5.5517206,2.6055555,-1.2557154,-2.6924326,17.882835,1,6.0,1,6.0
4.9013186,4.0869093,-1.9604144,-0.13116282,0.024366083,-0.047409993,6.8175807,1,6.0,1,6.0
-21.66918,0.51164967,-6.7233276,0.73658323,9.447455,-7.7961307,34.96498,1,6.0,1,6.0
1.6252974,-1.0003198,-2.949625,-1.0969648,-10.45461,-7.703993,16.545986,1,6.0,1,6.0
-5.6052375,-2.8081906,-3.969293,-3.4978237,-2.214701,-15.438647,23.404339,1,6.0,1,6.0
0.58984196,24.077147,-2.2667904,-14.380466,-13.252565,-5.891427,44.614746,1,6.0,1,6.0
-6.5064588,-3.8796973,-11.212197,-1.313964,3.47225,-2.7485428,18.150677,1,6.0,1,6.0
-21.84213,10.776978,-9.935115,-5.692754,7.0343843,-3.054395,35.85541,0,2.15,1,6.0
10.34857,-6.032241,-13.502551,0.4194354,1.297006,-0.8176719,19.639492,1,6.0,1,6.0
-4.1058764,22.493397,-6.1831636,9.939318,-7.8049083,-27.092644,53.581455,1,6.0,1,6.0
-3.2023904,1.0875982,-4.4910817,4.0193043,-11.558857,-3.452852,18.337606,1,6.0,1,6.0
1.0374602,-3.7728367,-8.642107,-10.161526,-8.021214,-15.707048,29.84121,1,6.0,1,6.0
-8.85905,3.177473,-6.256005,-3.6398199,7.1494637,-2.979005,19.859077,1,6.0,1,6.0
-1.7472671,-11.425832,-9.284772,3.1878016,-0.013964293,-2.835676,19.092512,1,6.0,1,6.0
-11.40178,-6.3498,-5.530102,3.4078202,1.48254,-4.4608183,19.980047,1,6.0,1,6.0
-23.56537,4.0463877,-6.091432,0.31489477,-0.32499087,-0.05379686,25.129692,1,6.0,1,6.0
2.347046,-1.6258734,-4.3408957,10.316032,-4.629895,-17.277102,25.844074,1,6.0,1,6.0
10.1101885,-11.04519,-20.695732,12.462544,-25.814816,-7.734155,55.235268,0,1.814,1,6.0
12.019477,13.966826,-19.282711,1.1466808,-2.3374736,-0.87920314,29.419416,1,6.0,1,6.0
1.5423083,1.6529318,-0.1480325,3.146636,1.2463294,-3.62204,7.2227707,1,6.0,1,6.0
-0.24709168,-0.023387393,-0.13326615,3.0610855,-10.733913,-21.303965,24.332617,1,6.0,1,6.0
-8.041895,1.4608766,-3.2136645,-18.499023,4.6974645,-0.4602216,27.874258,0,2.336,1,6.0
-8.308615,-8.415088,-2.165629,0.1330433,-28.074522,-4.5050545,40.456337,1,6.0,1,6.0
7.620345,28.096935,-0.29563108,-8.103275,-7.237812,-1.290117,40.054844,1,6.0,1,6.0
1.067089,1.436249,-1.1780401,-6.0769362,2.939947,-10.92434,14.984129,1,6.0,1,6.0
-20.633379,10.718241,-2.9626248,3.3659897,-7.6508794,-1.9894538,32.031235,1,6.0,1,6.0
8.874113,7.7738013,-8.015244,-22.354542,-5.427051,-7.2910466,38.394424,1,6.0,1,6.0
0.63449997,-0.71296287,-3.7775009,2.7059355,-4.7368536,-1.3734132,9.521695,1,6.0,1,6.0
-0.88552403,-6.534689,-8.782198,5.947074,9.025931,-3.6039865,22.376436,1,6.0,1,6.0
-3.6614516,1.0584364,-10.772687,-5.598779,0.35253695,-18.969833,31.208984,1,6.0,1,6.0
-2.3754537,-0.05365266,-6.9100757,-19.334276,-9.865855,-16.72406,34.7087,1,6.0,1,6.0
2.1625955,-0.76289564,-8.527966,-21.685516,-3.36195,-10.632895,33.2158,1,6.0,1,6.0
-12.229132,2.6161687,-1.5174483,1.5779649,-1.9133378,-0.5881725,15.146444,1,6.0,1,6.0
-8.023603,-3.5750585,-27.498964,-2.3058658,5.6181808,-25.200974,54.790226,1,6.0,1,6.0
-0.45996994,0.80002975,-13.73485,-8.90895,19.867521,-9.459855,37.505585,1,6.0,1,6.0
21.673273,12.070962,-14.037165,-13.499426,2.8874066,-2.9765997,42.626083,1,6.0,1,6.0
0.04410681,0.84808904,-0.34320003,-3.2041736,-13.738752,-8.773918,17.52926,1,6.0,1,6.0
0.7583863,-0.18823077,-1.8228903,-1.9553365,-5.4563375,-11.966588,15.279705,1,6.0,1,6.0
0.3894415,-0.73242,-0.09082072,-1.3861278,-0.11125238,-0.91363853,2.498347,1,6.0,1,6.0
-3.3303351,-16.981379,-9.98377,-0.80357426,0.8895444,-9.533385,29.586796,1,6.0,1,6.0
-1.869535,-4.076982,-4.851314,22.245293,7.38654,-14.175224,33.999516,1,6.0,1,6.0
-5.458033,15.907328,-4.025048,-17.941341,-0.6378672,-0.48205906,35.251755,1,6.0,1,6.0
-4.734229,-19.405346,-13.052441,-2.4125788,0.5648628,-1.5925164,26.806442,1,6.0,1,6.0
9.623159,-0.44806513,-2.5068831,10.205232,-8.249908,-10.073262,26.497643,1,6.0,1,6.0
5.593396,-4.365957,-1.9934964,-17.931324,-4.510276,-1.5285282,25.92326,1,6.0,1,6.0
-10.246683,12.713012,-14.386823,-14.317896,18.914732,-5.4339776,46.09942,1,6.0,1,6.0
-4.6914425,-12.276241,-5.578091,15.569421,-7.4414616,-2.5759645,31.724506,1,6.0,1,6.0
3.7963965,-2.2434273,-0.76922584,5.779806,1.4832819,-0.93760884,10.516619,1,6.0,1,6.0
-1.7413484,-0.6355885,-1.8562641,5.3542056,-27.504683,-7.8428307,31.721209,1,6.0,1,6.0
1.2279054,20.900997,-7.1214395,-7.60431,1.5695556,-4.3251076,31.002972,1,6.0,1,6.0
17.965712,-6.052896,-17.517824,-9.975175,-17.499369,-8.234411,47.573288,1,6.0,1,6.0
-0.1864101,-14.506695,-22.427465,-0.5781169,-10.854159,-17.536324,47.342625,1,6.0,1,6.0
12.782171,-0.3224481,-8.407369,-13.992209,22.567993,-7.8803353,43.000973,1,6.0,1,6.0
-2.8083858,2.9358547,-2.1649942,7.060885,16.600573,-14.188177,27.554443,1,6.0,1,6.0
5.428061,3.9994812,-0.6078178,4.798941,-10.117057,-3.1462593,18.400871,1,6.0,1,6.0
-4.8952413,-10.416302,-7.256225,0.37542334,1.2515758,-0.6063999,15.04624,1,6.0,1,6.0
-15.179534,12.410318,-16.390871,-0.98852086,12.057061,-15.535492,45.245857,1,6.0,1,6.0
-9.9190855,-9.331151,-13.965041,0.12888665,-0.10972528,-0.31382123,19.862482,1,6.0,1,6.0
-2.300093,-7.412805,-2.7258768,0.20978911,0.8511782,-1.3049685,9.798296,1,6.0,1,6.0
18.484398,-4.926728,-12.180036,0.201524,0.09194514,-0.658584,23.372997,1,6.0,1,6.0
-3.4749978,12.512683,-1.4157993,12.82018,8.994871,-7.0969,30.257118,1,6.0,1,6.0
-4.3298016,28.930428,-3.6777234,-12.737459,16.735876,-10.757637,53.106194,1,6.0,1,6.0
-12.683306,2.0969844,-0.40333053,-1.8308822,1.0438442,-0.008739244,14.969376,1,6.0,1,6.0
16.50167,-14.262543,-12.453219,9.369633,1.7563134,-0.93838745,34.694786,0,2.476,1,6.0
0.33964935,-0.26593956,-0.06502002,10.781422,-0.64462477,-3.569986,11.811634,1,6.0,1,6.0
-6.9211383,19.543333,-5.8663087,3.7637446,18.65065,-19.132868,48.52958,1,6.0,1,6.0
-4.480821,-10.540937,-3.4230742,-5.2506247,2.6001337,-18.483656,31.344435,1,6.0,1,6.0
-0.08967565,11.71744,-9.316803,-9.004741,6.555567,-4.8353105,27.112808,1,6.0,1,6.0
-0.67119986,-5.117765,-2.9893978,-15.575726,18.439846,-13.507738,33.62504,1,6.0,1,6.0
25.213535,9.52658,-7.1494336,-16.6521,-11.859325,-2.6454337,48.499283,1,6.0,1,6.0
-4.8383403,-3.5293941,-0.078471646,-19.47633,-4.267606,-3.0304942,26.156746,1,6.0,1,6.0
0.39351815,-8.434727,-14.578827,-0.77724344,0.83640367,-21.332264,38.2104,1,6.0,1,6.0
16.566044,5.260654,-4.3624887,2.7370257,-8.715352,-13.445112,34.175205,1,6.0,1,6.0
-1.8995931,-4.5585375,-25.275362,10.220555,-9.511493,-1.3308465,39.77826,1,6.0,1,6.0
1.1005435,-10.186426,-9.540725,-19.83636,-17.42036,-12.418365,43.174747,1,6.0,1,6.0
-10.473671,11.979287,-19.148016,-15.293045,5.4371195,-5.554101,42.05155,1,6.0,1,6.0
-12.9382515,5.7719264,-6.8049507,8.861214,-2.5585148,-7.9642797,27.902824,1,6.0,1,6.0
-23.93788,14.039144,-7.2800255,2.0019796,1.84606,-0.681884,31.497322,1,6.0,1,6.0
4.203428,-17.592077,-11.619988,0.71027833,4.5059195,-3.5297997,27.266014,1,6.0,1,6.0
22.374454,11.846299,-10.382264,-16.841087,20.28989,-13.22387,56.861847,1,6.0,1,6.0
-28.202942,1.9485656,-0.19023871,4.037621,8.565639,-27.25281,57.121956,1,6.0,1,6.0
-5.445801,-23.353329,-2.0504308,0.08198873,0.01913533,-0.029721025,24.15667,1,6.0,1,6.0
2.2450988,-1.4370432,-2.5240588,2.1257672,0.48515174,-0.8322372,6.004881,1,6.0,1,6.0
2.3563168,-2.117981,-1.9738683,8.883747,14.652646,-11.008271,24.099573,1,6.0,1,6.0
3.743982,-17.031073,-6.140331,1.9019471,1.0478218,-6.1695046,25.027752,1,6.0,1,6.0
-6.2745595,4.6040893,-2.372767,3.9117732,-13.891452,-13.71559,28.04579,1,6.0,1,6.0
-5.0610127,-10.0186405,-2.742456,5.054611,-0.781509,-3.6691816,17.84923,1,6.0,1,6.0
4.750428,-0.56484175,-2.0758128,-5.4779396,10.495232,-1.2561749,17.120125,1,6.0,1,6.0
-17.896498,3.215864,-13.863212,8.443023,4.7871833,-1.1746806,32.641735,1,6.0,1,6.0
4.520147,-23.208897,-9.902783,-3.6980045,0.24348691,-6.3987694,33.02944,1,6.0,1,6.0
-1.680166,2.620426,-2.4867191,9.4164,-16.137001,-13.843798,27.23757,1,6.0,1,6.0
3.0415328,-10.182991,-11.28992,-1.7820772,6.792001,-5.8108077,24.619465,1,6.0,1,6.0
-10.046698,-6.1289377,-1.3898467,17.014803,-21.249105,-3.4505963,39.29004,1,6.0,1,6.0
22.967237,4.3666997,-3.8922668,-2.4070525,-2.306441,-4.57607,29.362083,1,6.0,1,6.0
-13.824467,-1.8555303,-0.19282225,-2.1091628,-23.904829,-12.038692,40.79785,1,6.0,1,6.0
15.686169,5.772473,-14.187894,2.54622,-1.1723151,-3.6531224,26.528927,1,6.0,1,6.0
15.336428,-2.988999,-6.654781,-4.394026,6.438506,-4.2500615,25.861452,1,6.0,1,6.0
28.461866,-0.9602116,-7.090319,-6.299206,18.818218,-21.842596,58.858532,1,6.0,1,6.0
2.0829914,8.043915,-9.457235,-1.1136922,0.8627734,-0.17435779,14.008531,1,6.0,1,6.0
-15.647041,22.738705,-10.773383,-5.557896,-23.695751,-6.3312764,54.77896,1,6.0,1,6.0
-3.569512,-7.7062445,-9.12155,0.8493368,-4.57284,-1.575052,17.37366,1,6.0,1,6.0
0.6694008,-3.5158708,-4.1498923,-0.22696035,4.4058414,-14.934906,21.052933,1,6.0,1,6.0
19.562174,8.790991,-9.51449,-17.227123,16.614243,-15.922489,52.208435,1,6.0,1,6.0
3.1515543,5.869094,-4.697822,1.4143825,3.0385022,-1.2234849,11.719466,1,6.0,1,6.0
-7.6978116,12.027554,-9.173452,-2.9055507,9.305005,-5.729336,28.279747,1,6.0,1,6.0
2.7316818,14.006973,-13.112762,-6.564369,-13.682326,-1.457803,34.62585,1,6.0,1,6.0
-5.155553,-3.020222,-0.42712894,12.085062,14.492279,-5.1760645,25.557293,1,6.0,1,6.0
-0.60881025,-0.37260187,-0.7456349,-6.022727,-5.471537,-5.961501,11.119351,1,6.0,1,6.0
-14.85463,-24.057127,-8.798063,4.51778,-4.2982473,-4.0990477,37.073402,1,6.0,1,6.0
20.482391,-12.379912,-5.3407307,-0.5833035,3.079026,-27.05371,51.75631,1,6.0,1,6.0
-2.7215347,2.4883606,-0.41713512,-0.051587667,0.18034624,-0.1529669,3.953201,1,6.0,1,6.0
20.607239,-14.160873,-4.6859727,-12.572121,-24.059895,-11.383421,54.87578,1,6.0,1,6.0
4.208141,-3.4162443,-5.530724,2.6398559,3.3411531,-1.3893763,12.223026,1,6.0,1,6.0
-3.6909525,5.4364114,-3.4434092,1.0334717,-4.54001,-5.133974,14.349447,1,6.0,1,6.0
11.515788,-14.036214,-14.408808,4.668231,20.704447,-5.593686,45.127426,1,6.0,1,6.0
-20.839201,8.580119,-2.8890755,-13.626377,-16.469906,-7.311298,45.312695,0,1.6280000000000001,1,6.0
8.781714,-2.5653224,-23.672348,12.785151,-1.6814862,-8.401326,40.769295,1,6.0,1,6.0
-3.4718797,0.83918124,-2.012019,-0.4792423,-0.3802236,-0.20885853,4.745985,1,6.0,1,6.0
13.459939,17.752493,-2.5837173,-3.923045,-5.2896757,-1.1175464,29.107393,1,6.0,1,6.0
-9.113294,8.467991,-6.6258616,2.871821,4.3937526,-3.3734362,20.334307,1,6.0,1,6.0
-1.3555659,9.552168,-1.580674,-6.3495736,-23.525877,-11.082561,36.54602,1,6.0,1,6.0
-15.909586,-2.1808448,-15.080108,2.8198056,-13.237728,-2.5075107,35.79413,1,6.0,1,6.0
-10.144267,21.11438,-9.701389,-9.7514515,-9.62233,-18.503836,48.377586,1,6.0,1,6.0
8.321334,4.747011,-1.3431793,3.5489926,22.232756,-15.239618,36.860893,1,6.0,1,6.0
2.1881237,-3.0371544,-2.7491388,4.0074778,3.2218864,-10.614637,16.438877,1,6.0,1,6.0
-2.0435674,-17.406296,-24.04037,-1.4144976,24.713438,-12.468013,57.46707,1,6.0,1,6.0
12.227042,8.880395,-23.066366,-6.4562244,-3.4055629,-19.062706,47.988132,1,6.0,1,6.0
5.3313785,6.331724,-2.663227,1.8075404,-15.7118225,-8.896146,26.841034,1,6.0,1,6.0
4.540167,23.994972,-0.7561947,12.857455,-0.23626032,-4.175199,37.95287,1,6.0,1,6.0
0.8176725,1.1550844,-2.2885756,-0.47898826,12.40035,-4.6816883,15.954142,1,6.0,1,6.0
-3.074123,-10.58299,-25.06025,-4.096056,8.801877,-0.4689139,37.095974,1,6.0,1,6.0
-14.045464,18.467001,-1.3312778,4.6509852,-3.688451,-5.8967886,31.606672,1,6.0,1,6.0
1.8881291,-3.1127872,-4.65028,8.593209,-8.239306,-8.3725195,20.460222,1,6.0,1,6.0
-4.9348955,5.393701,-5.024206,5.3765917,-6.9589353,-8.49905,21.100431,1,6.0,1,6.0
6.756949,-16.324074,-2.6618192,1.9778162,-7.111741,-2.7277558,25.73616,1,6.0,1,6.0
-1.2476287,-1.4454526,-10.500536,-0.4526519,-1.6654239,-1.3832744,12.884512,1,6.0,1,6.0
-10.811734,-2.3957844,-19.110281,16.296698,7.1575503,-23.145517,51.285095,1,6.0,1,6.0
1.9511769,17.004658,-4.7790046,4.42175,12.687541,-10.709511,34.952827,1,6.0,1,6.0
-0.39883706,-6.1547456,-0.7313085,0.29827654,9.625028,-2.9759576,16.28987,1,6.0,1,6.0
5.243469,16.904203,-4.665212,17.724031,-4.3614173,-17.387993,43.51252,1,6.0,1,6.0
0.028884321,-0.21643968,-0.36084852,12.674812,7.246848,-0.5711587,15.033203,1,6.0,1,6.0
-1.5227491,-0.73669934,-2.894361,-6.42778,-24.141697,-2.1535656,28.427834,1,6.0,1,6.0
0.01331688,-4.760164,-0.85429907,-3.5152555,-0.6700779,-3.409869,9.779233,1,6.0,1,6.0
1.7151349,-5.330799,-9.012216,1.429862,1.2537423,-3.9322197,14.978252,1,6.0,1,6.0
-0.3351011,-0.03789503,-0.11802076,5.11584,-3.275904,-3.5930264,7.415139,1,6.0,1,6.0
-19.696995,5.316378,-19.026815,24.814985,-7.0701733,-0.47042397,53.70405,1,6.0,1,6.0
1.7197773,-6.4070597,-2.7604423,16.353859,16.076962,-0.5120439,30.123873,1,6.0,1,6.0
7.890958,1.9103663,-0.06313094,1.2624298,-8.531803,-4.739654,17.960382,1,6.0,1,6.0
4.50793,7.3672566,-7.2386837,-20.969145,-0.3249444,-18.561491,39.275333,1,6.0,1,6.0
-12.948108,6.3721104,-24.253517,1.7497482,25.192562,-5.3349423,54.032784,1,6.0,1,6.0
-0.8670588,8.432507,-6.2881,10.171515,0.060176145,-5.6641407,22.196995,1,6.0,1,6.0
7.810298,7.6184793,-6.9459343,13.981052,-11.240471,-1.4240168,30.929703,1,6.0,1,6.0
-1.49222,3.6261632,-8.051096,-29.280802,2.3282356,-3.1812022,38.5002,0,1.822,1,6.0
-20.222206,-6.4784718,-20.170294,11.82339,15.383292,-8.516689,50.47632,1,6.0,1,6.0
-2.9166598,10.419502,-1.6540183,4.1982746,4.1109166,-0.81612253,16.877934,1,6.0,1,6.0
-0.16248214,2.2956684,-0.9920471,3.3561735,-17.40606,-2.878802,20.465029,1,6.0,1,6.0
3.8762174,-3.4758139,-19.040493,-0.07811592,-25.905325,-6.618435,46.477005,1,6.0,1,6.0
9.774697,-2.4491642,-18.990189,7.5300965,-9.742905,-10.169003,37.467968,1,6.0,1,6.0
1.9873819,-6.094755,-9.143922,12.198224,-5.867593,-3.6565766,25.188496,1,6.0,1,6.0
-1.3187704,1.3297287,-6.058711,7.063952,-12.183359,-17.370012,28.703375,1,6.0,1,6.0
2.3210576,6.623493,-10.073733,-6.696536,-6.3002505,-10.050064,25.898869,1,6.0,1,6.0
-0.34058052,1.8774908,-13.033106,8.050201,13.505017,-10.657976,32.16635,1,6.0,1,6.0
3.62437,25.109968,-15.745254,0.05618464,-0.19052593,-0.07058084,30.0698,1,6.0,1,6.0
6.7553167,7.829349,-23.58574,2.2018523,-0.19065513,-22.777357,48.63739,1,6.0,1,6.0
1.686498,-3.0779026,-18.293642,12.062594,19.994219,-16.909897,47.458145,1,6.0,1,6.0
4.183705,-1.5796112,-3.7209134,-10.765091,4.6108737,-22.490278,31.174194,1,6.0,1,6.0
-4.9898705,1.8276466,-19.94153,15.893395,-18.243135,-3.8605373,45.13878,1,6.0,1,6.0
-2.584345,7.357563,-21.392965,9.325199,10.357855,-2.759031,36.9776,1,6.0,1,6.0
0.93840945,1.8793921,-0.83808625,-21.627611,-1.5348723,-4.0704856,24.322447,1,6.0,1,6.0
6.6313696,-0.4986196,-9.240418,4.342392,11.644017,-7.8044515,26.059368,1,6.0,1,6.0
-5.479959,-4.256792,-6.9279366,3.2034068,0.9981138,-0.5870715,13.211707,1,6.0,1,6.0
-8.060156,-14.755304,-3.1886635,0.97389686,-0.18792745,-0.1684107,18.119,1,6.0,1,6.0
-6.9206476,13.369008,-12.538138,0.81503314,-10.338981,-1.2480364,30.037476,1,6.0,1,6.0
-2.0885134,4.811588,-1.448486,18.901793,-13.694729,-9.226706,30.540546,1,6.0,1,6.0
-8.9966545,-9.737902,-4.770268,-9.1557045,0.58782905,-10.71341,28.194733,1,6.0,1,6.0
-15.7292795,9.864265,-23.264639,-0.71952,-2.1192577,-2.4667125,33.095745,1,6.0,1,6.0
-0.19263992,0.012602166,-0.43463388,0.7892275,-0.5302671,-0.3306041,1.4822382,1,6.0,1,6.0
5.9272695,-0.16853176,-9.41869,0.75771046,13.063995,-8.917902,26.96556,1,6.0,1,6.0
-6.981752,-7.1964192,-0.23458365,-0.3127839,-5.4592094,-5.0631604,17.481647,1,6.0,1,6.0
